/*
Navicat MySQL Data Transfer

Source Server         : localhost_3306
Source Server Version : 50642
Source Host           : localhost:3306
Source Database       : xboot

Target Server Type    : MYSQL
Target Server Version : 50642
File Encoding         : 65001

Date: 2018-11-20 20:11:13
*/

SET FOREIGN_KEY_CHECKS=0;

-- ----------------------------
-- Table structure for act_evt_log
-- ----------------------------
DROP TABLE IF EXISTS `act_evt_log`;
CREATE TABLE `act_evt_log` (
  `LOG_NR_` bigint(20) NOT NULL AUTO_INCREMENT,
  `TYPE_` varchar(64) COLLATE utf8_bin DEFAULT NULL,
  `PROC_DEF_ID_` varchar(64) COLLATE utf8_bin DEFAULT NULL,
  `PROC_INST_ID_` varchar(64) COLLATE utf8_bin DEFAULT NULL,
  `EXECUTION_ID_` varchar(64) COLLATE utf8_bin DEFAULT NULL,
  `TASK_ID_` varchar(64) COLLATE utf8_bin DEFAULT NULL,
  `TIME_STAMP_` timestamp(3) NOT NULL DEFAULT CURRENT_TIMESTAMP(3) ON UPDATE CURRENT_TIMESTAMP(3),
  `USER_ID_` varchar(255) COLLATE utf8_bin DEFAULT NULL,
  `DATA_` longblob,
  `LOCK_OWNER_` varchar(255) COLLATE utf8_bin DEFAULT NULL,
  `LOCK_TIME_` timestamp(3) NULL DEFAULT NULL,
  `IS_PROCESSED_` tinyint(4) DEFAULT '0',
  PRIMARY KEY (`LOG_NR_`)
) ENGINE=InnoDB DEFAULT CHARSET=utf8 COLLATE=utf8_bin;

-- ----------------------------
-- Records of act_evt_log
-- ----------------------------

-- ----------------------------
-- Table structure for act_ge_bytearray
-- ----------------------------
DROP TABLE IF EXISTS `act_ge_bytearray`;
CREATE TABLE `act_ge_bytearray` (
  `ID_` varchar(64) COLLATE utf8_bin NOT NULL DEFAULT '',
  `REV_` int(11) DEFAULT NULL,
  `NAME_` varchar(255) COLLATE utf8_bin DEFAULT NULL,
  `DEPLOYMENT_ID_` varchar(64) COLLATE utf8_bin DEFAULT NULL,
  `BYTES_` longblob,
  `GENERATED_` tinyint(4) DEFAULT NULL,
  PRIMARY KEY (`ID_`),
  KEY `ACT_FK_BYTEARR_DEPL` (`DEPLOYMENT_ID_`),
  CONSTRAINT `ACT_FK_BYTEARR_DEPL` FOREIGN KEY (`DEPLOYMENT_ID_`) REFERENCES `act_re_deployment` (`ID_`)
) ENGINE=InnoDB DEFAULT CHARSET=utf8 COLLATE=utf8_bin;

-- ----------------------------
-- Records of act_ge_bytearray
-- ----------------------------
INSERT INTO `act_ge_bytearray` VALUES ('10004', '3', 'source', null, 0x7B227265736F757263654964223A223130303033222C2270726F70657274696573223A7B2270726F636573735F6964223A2278222C226E616D65223A22222C22646F63756D656E746174696F6E223A22222C2270726F636573735F617574686F72223A22222C2270726F636573735F76657273696F6E223A22222C2270726F636573735F6E616D657370616365223A22687474703A2F2F7777772E61637469766974692E6F72672F70726F63657373646566222C22657865637574696F6E6C697374656E657273223A22222C226576656E746C697374656E657273223A22222C227369676E616C646566696E6974696F6E73223A22222C226D657373616765646566696E6974696F6E73223A22227D2C227374656E63696C223A7B226964223A2242504D4E4469616772616D227D2C226368696C64536861706573223A5B7B227265736F757263654964223A227369642D30424238453344452D363245412D343846342D394130432D393043454236443745363239222C2270726F70657274696573223A7B226F766572726964656964223A22222C226E616D65223A22222C22646F63756D656E746174696F6E223A22222C22657865637574696F6E6C697374656E657273223A22222C22696E69746961746F72223A22222C22666F726D6B6579646566696E6974696F6E223A22222C22666F726D70726F70657274696573223A22227D2C227374656E63696C223A7B226964223A2253746172744E6F6E654576656E74227D2C226368696C64536861706573223A5B5D2C226F7574676F696E67223A5B7B227265736F757263654964223A227369642D39303046413842332D393532412D343041452D423436412D333330454641423533433742227D5D2C22626F756E6473223A7B226C6F7765725269676874223A7B2278223A3238352C2279223A3232307D2C2275707065724C656674223A7B2278223A3235352C2279223A3139307D7D2C22646F636B657273223A5B5D7D2C7B227265736F757263654964223A227369642D38353345324138382D424242462D343535342D413136312D373436413544374434443335222C2270726F70657274696573223A7B226F766572726964656964223A22222C226E616D65223A22E5AEA1E689B9222C22646F63756D656E746174696F6E223A22222C226173796E6368726F6E6F7573646566696E6974696F6E223A2266616C7365222C226578636C7573697665646566696E6974696F6E223A2266616C7365222C22657865637574696F6E6C697374656E657273223A22222C226D756C7469696E7374616E63655F74797065223A224E6F6E65222C226D756C7469696E7374616E63655F63617264696E616C697479223A22222C226D756C7469696E7374616E63655F636F6C6C656374696F6E223A22222C226D756C7469696E7374616E63655F7661726961626C65223A22222C226D756C7469696E7374616E63655F636F6E646974696F6E223A22222C226973666F72636F6D70656E736174696F6E223A2266616C7365222C22757365727461736B61737369676E6D656E74223A22222C22666F726D6B6579646566696E6974696F6E223A22222C2264756564617465646566696E6974696F6E223A22222C227072696F72697479646566696E6974696F6E223A22222C22666F726D70726F70657274696573223A22222C227461736B6C697374656E657273223A22227D2C227374656E63696C223A7B226964223A22557365725461736B227D2C226368696C64536861706573223A5B5D2C226F7574676F696E67223A5B7B227265736F757263654964223A227369642D32434533313744302D423337412D343742322D414244422D334441383345454645333431227D5D2C22626F756E6473223A7B226C6F7765725269676874223A7B2278223A3434352C2279223A3234357D2C2275707065724C656674223A7B2278223A3334352C2279223A3136357D7D2C22646F636B657273223A5B5D7D2C7B227265736F757263654964223A227369642D39303046413842332D393532412D343041452D423436412D333330454641423533433742222C2270726F70657274696573223A7B226F766572726964656964223A22222C226E616D65223A22222C22646F63756D656E746174696F6E223A22222C22636F6E646974696F6E73657175656E6365666C6F77223A22222C22657865637574696F6E6C697374656E657273223A22222C2264656661756C74666C6F77223A2266616C7365227D2C227374656E63696C223A7B226964223A2253657175656E6365466C6F77227D2C226368696C64536861706573223A5B5D2C226F7574676F696E67223A5B7B227265736F757263654964223A227369642D38353345324138382D424242462D343535342D413136312D373436413544374434443335227D5D2C22626F756E6473223A7B226C6F7765725269676874223A7B2278223A3334342E313935333132352C2279223A3230357D2C2275707065724C656674223A7B2278223A3238352E363438343337352C2279223A3230357D7D2C22646F636B657273223A5B7B2278223A31352C2279223A31357D2C7B2278223A35302C2279223A34307D5D2C22746172676574223A7B227265736F757263654964223A227369642D38353345324138382D424242462D343535342D413136312D373436413544374434443335227D7D2C7B227265736F757263654964223A227369642D32434533313744302D423337412D343742322D414244422D334441383345454645333431222C2270726F70657274696573223A7B226F766572726964656964223A22222C226E616D65223A22222C22646F63756D656E746174696F6E223A22222C22636F6E646974696F6E73657175656E6365666C6F77223A22222C22657865637574696F6E6C697374656E657273223A22222C2264656661756C74666C6F77223A2266616C7365227D2C227374656E63696C223A7B226964223A2253657175656E6365466C6F77227D2C226368696C64536861706573223A5B5D2C226F7574676F696E67223A5B7B227265736F757263654964223A227369642D30343834453342332D323441392D343235412D393443352D393036363930444132304631227D5D2C22626F756E6473223A7B226C6F7765725269676874223A7B2278223A3438392E36343834343638373030303735352C2279223A3230352E343039373333353336323333387D2C2275707065724C656674223A7B2278223A3434352E36323838393638373939393234352C2279223A3230352E323139313732373133373636327D7D2C22646F636B657273223A5B7B2278223A35302C2279223A34307D2C7B2278223A32302E352C2279223A32302E357D5D2C22746172676574223A7B227265736F757263654964223A227369642D30343834453342332D323441392D343235412D393443352D393036363930444132304631227D7D2C7B227265736F757263654964223A227369642D31434235353045412D433641322D343933422D424642332D364444443345423935353830222C2270726F70657274696573223A7B226F766572726964656964223A22222C226E616D65223A22E7AEA1E7908632222C22646F63756D656E746174696F6E223A22222C226173796E6368726F6E6F7573646566696E6974696F6E223A2266616C7365222C226578636C7573697665646566696E6974696F6E223A2266616C7365222C22657865637574696F6E6C697374656E657273223A22222C226D756C7469696E7374616E63655F74797065223A224E6F6E65222C226D756C7469696E7374616E63655F63617264696E616C697479223A22222C226D756C7469696E7374616E63655F636F6C6C656374696F6E223A22222C226D756C7469696E7374616E63655F7661726961626C65223A22222C226D756C7469696E7374616E63655F636F6E646974696F6E223A22222C226973666F72636F6D70656E736174696F6E223A2266616C7365222C22757365727461736B61737369676E6D656E74223A22222C22666F726D6B6579646566696E6974696F6E223A22222C2264756564617465646566696E6974696F6E223A22222C227072696F72697479646566696E6974696F6E223A22222C22666F726D70726F70657274696573223A22222C227461736B6C697374656E657273223A22227D2C227374656E63696C223A7B226964223A22557365725461736B227D2C226368696C64536861706573223A5B5D2C226F7574676F696E67223A5B7B227265736F757263654964223A227369642D44463830444233312D303336342D343943432D393843432D464145354632413738323642227D5D2C22626F756E6473223A7B226C6F7765725269676874223A7B2278223A3637352C2279223A3234357D2C2275707065724C656674223A7B2278223A3537352C2279223A3136357D7D2C22646F636B657273223A5B5D7D2C7B227265736F757263654964223A227369642D45353046433446322D424130412D343233352D413938342D393541323535453538423535222C2270726F70657274696573223A7B226F766572726964656964223A22222C226E616D65223A22222C22646F63756D656E746174696F6E223A22222C22636F6E646974696F6E73657175656E6365666C6F77223A22222C22657865637574696F6E6C697374656E657273223A22222C2264656661756C74666C6F77223A2266616C7365227D2C227374656E63696C223A7B226964223A2253657175656E6365466C6F77227D2C226368696C64536861706573223A5B5D2C226F7574676F696E67223A5B7B227265736F757263654964223A227369642D31434235353045412D433641322D343933422D424642332D364444443345423935353830227D5D2C22626F756E6473223A7B226C6F7765725269676874223A7B2278223A3537342E383030373930373834333838312C2279223A3230352E34313336303139373934303738327D2C2275707065724C656674223A7B2278223A3533302E323835313436373135363131392C2279223A3230352E32313932313035323035393231387D7D2C22646F636B657273223A5B7B2278223A32302E352C2279223A32302E357D2C7B2278223A35302C2279223A34307D5D2C22746172676574223A7B227265736F757263654964223A227369642D31434235353045412D433641322D343933422D424642332D364444443345423935353830227D7D2C7B227265736F757263654964223A227369642D30343834453342332D323441392D343235412D393443352D393036363930444132304631222C2270726F70657274696573223A7B226F766572726964656964223A22222C226E616D65223A22222C22646F63756D656E746174696F6E223A22222C226173796E6368726F6E6F7573646566696E6974696F6E223A2266616C7365222C226578636C7573697665646566696E6974696F6E223A2266616C7365222C2273657175656E6365666C6F776F72646572223A22227D2C227374656E63696C223A7B226964223A224578636C757369766547617465776179227D2C226368696C64536861706573223A5B5D2C226F7574676F696E67223A5B7B227265736F757263654964223A227369642D45353046433446322D424130412D343233352D413938342D393541323535453538423535227D2C7B227265736F757263654964223A227369642D42433935414636392D334435452D343635392D424145322D383330334246314645454230227D5D2C22626F756E6473223A7B226C6F7765725269676874223A7B2278223A3533302C2279223A3232357D2C2275707065724C656674223A7B2278223A3439302C2279223A3138357D7D2C22646F636B657273223A5B5D7D2C7B227265736F757263654964223A227369642D37344432383935372D314638462D343337332D414130332D363338323544463136463844222C2270726F70657274696573223A7B226F766572726964656964223A22222C226E616D65223A22E7AEA1E7908631222C22646F63756D656E746174696F6E223A22222C226173796E6368726F6E6F7573646566696E6974696F6E223A2266616C7365222C226578636C7573697665646566696E6974696F6E223A2266616C7365222C22657865637574696F6E6C697374656E657273223A22222C226D756C7469696E7374616E63655F74797065223A224E6F6E65222C226D756C7469696E7374616E63655F63617264696E616C697479223A22222C226D756C7469696E7374616E63655F636F6C6C656374696F6E223A22222C226D756C7469696E7374616E63655F7661726961626C65223A22222C226D756C7469696E7374616E63655F636F6E646974696F6E223A22222C226973666F72636F6D70656E736174696F6E223A2266616C7365222C22757365727461736B61737369676E6D656E74223A22222C22666F726D6B6579646566696E6974696F6E223A22222C2264756564617465646566696E6974696F6E223A22222C227072696F72697479646566696E6974696F6E223A22222C22666F726D70726F70657274696573223A22222C227461736B6C697374656E657273223A22227D2C227374656E63696C223A7B226964223A22557365725461736B227D2C226368696C64536861706573223A5B5D2C226F7574676F696E67223A5B7B227265736F757263654964223A227369642D38464246423536362D333636332D343445302D383934382D324137363231334538353036227D5D2C22626F756E6473223A7B226C6F7765725269676874223A7B2278223A3637352C2279223A3133357D2C2275707065724C656674223A7B2278223A3537352C2279223A35357D7D2C22646F636B657273223A5B5D7D2C7B227265736F757263654964223A227369642D42433935414636392D334435452D343635392D424145322D383330334246314645454230222C2270726F70657274696573223A7B226F766572726964656964223A22222C226E616D65223A22222C22646F63756D656E746174696F6E223A22222C22636F6E646974696F6E73657175656E6365666C6F77223A22222C22657865637574696F6E6C697374656E657273223A22222C2264656661756C74666C6F77223A2266616C7365227D2C227374656E63696C223A7B226964223A2253657175656E6365466C6F77227D2C226368696C64536861706573223A5B5D2C226F7574676F696E67223A5B7B227265736F757263654964223A227369642D37344432383935372D314638462D343337332D414130332D363338323544463136463844227D5D2C22626F756E6473223A7B226C6F7765725269676874223A7B2278223A3537342E38303037383132352C2279223A3138342E36343435333132357D2C2275707065724C656674223A7B2278223A3531302E352C2279223A39357D7D2C22646F636B657273223A5B7B2278223A32302E352C2279223A32302E357D2C7B2278223A3531302E352C2279223A39357D2C7B2278223A35302C2279223A34307D5D2C22746172676574223A7B227265736F757263654964223A227369642D37344432383935372D314638462D343337332D414130332D363338323544463136463844227D7D2C7B227265736F757263654964223A227369642D38354335384639392D453046302D343334322D413941422D374143354345433033303831222C2270726F70657274696573223A7B226F766572726964656964223A22222C226E616D65223A22222C22646F63756D656E746174696F6E223A22222C22657865637574696F6E6C697374656E657273223A22227D2C227374656E63696C223A7B226964223A22456E644E6F6E654576656E74227D2C226368696C64536861706573223A5B5D2C226F7574676F696E67223A5B5D2C22626F756E6473223A7B226C6F7765725269676874223A7B2278223A3734382C2279223A3231397D2C2275707065724C656674223A7B2278223A3732302C2279223A3139317D7D2C22646F636B657273223A5B5D7D2C7B227265736F757263654964223A227369642D44463830444233312D303336342D343943432D393843432D464145354632413738323642222C2270726F70657274696573223A7B226F766572726964656964223A22222C226E616D65223A22222C22646F63756D656E746174696F6E223A22222C22636F6E646974696F6E73657175656E6365666C6F77223A22222C22657865637574696F6E6C697374656E657273223A22222C2264656661756C74666C6F77223A2266616C7365227D2C227374656E63696C223A7B226964223A2253657175656E6365466C6F77227D2C226368696C64536861706573223A5B5D2C226F7574676F696E67223A5B7B227265736F757263654964223A227369642D38354335384639392D453046302D343334322D413941422D374143354345433033303831227D5D2C22626F756E6473223A7B226C6F7765725269676874223A7B2278223A3731392E3337352C2279223A3230357D2C2275707065724C656674223A7B2278223A3637352E3339303632352C2279223A3230357D7D2C22646F636B657273223A5B7B2278223A35302C2279223A34307D2C7B2278223A31342C2279223A31347D5D2C22746172676574223A7B227265736F757263654964223A227369642D38354335384639392D453046302D343334322D413941422D374143354345433033303831227D7D2C7B227265736F757263654964223A227369642D38464246423536362D333636332D343445302D383934382D324137363231334538353036222C2270726F70657274696573223A7B226F766572726964656964223A22222C226E616D65223A22222C22646F63756D656E746174696F6E223A22222C22636F6E646974696F6E73657175656E6365666C6F77223A22222C22657865637574696F6E6C697374656E657273223A22222C2264656661756C74666C6F77223A2266616C7365227D2C227374656E63696C223A7B226964223A2253657175656E6365466C6F77227D2C226368696C64536861706573223A5B5D2C226F7574676F696E67223A5B7B227265736F757263654964223A227369642D38354335384639392D453046302D343334322D413941422D374143354345433033303831227D5D2C22626F756E6473223A7B226C6F7765725269676874223A7B2278223A3732332E393238393431383534383130382C2279223A3139342E38333635343638323539353538357D2C2275707065724C656674223A7B2278223A3636342E383735373435363435313839322C2279223A3133352E32343135373831373430343431357D7D2C22646F636B657273223A5B7B2278223A35302C2279223A34307D2C7B2278223A31342C2279223A31347D5D2C22746172676574223A7B227265736F757263654964223A227369642D38354335384639392D453046302D343334322D413941422D374143354345433033303831227D7D5D2C22626F756E6473223A7B226C6F7765725269676874223A7B2278223A313230302C2279223A313035307D2C2275707065724C656674223A7B2278223A302C2279223A307D7D2C227374656E63696C736574223A7B2275726C223A227374656E63696C736574732F62706D6E322E302F62706D6E322E302E6A736F6E222C226E616D657370616365223A22687474703A2F2F62336D6E2E6F72672F7374656E63696C7365742F62706D6E322E3023227D2C227373657874656E73696F6E73223A5B5D7D, null);
INSERT INTO `act_ge_bytearray` VALUES ('10005', '2', 'source-extra', null, 0x89504E470D0A1A0A0000000D494844520000031E00000127080600000027D09572000000206348524D00007A26000080840000FA00000080E8000075300000EA6000003A98000017709CBA513C0000000467414D410000B18E7CFB5193000000017352474200AECE1CE900000006624B474400FF00FF00FFA0BDA793000000097048597300000EC400000EC401952B0E1B000020004944415478DAEDDD0B5C5475FEFFF1EF305C865430D32435337FF64F332FB56E6D6566655A6DB7CD5008B5CBB6593FB334B3DB566BF7D66BE5B656E6AE9A268AA69965AB56BA5A3F57D334284B33101550110101519899FFE77362D8014551079CCBEBF9789CC76186E1F6E57CE79CF7F9DE8C0100000000000000000000000000000000000000000000000000000000000000000000000000000000000000000000000000000000000000000000000000000000000000000000000000000000000000000000000000000000000000000000000000000000000000000000000000000000000000000000000000000000000000000000000000000000000000000000000000000000000000000000000000000000000000000000000000000000000000000000000000000000000000000000000000000000000000000000000000000000000000000000000000000000000000000000000000000000000000000000000000000000000000000000000000000828368A000000843AB7DBED484F4F7FA8A8A868404949C9F9C5C5C50E97CB45C19CEC85A6CDE68E8A8ADA1B1919B9A6ACAC6C6CF7EEDDBFA454081E000000214902C703B9B9B9E34A4B4B4F8B8B8B33B1B1B1A651A346262C2C8CC239491ADE24CC99C2C24293939373C8E9746E3A70E0C0803E7DFAA4513A040F00008090919999B9E0975F7EB9B575EBD6A6458B167A879E42A943595959262323E380DBED4EBCE69A6B3EA244428B9D22000000A11A3A64BBB543870EA659B366848E7AA02D494D9A3489D8BD7BF7EF070C18903A7DFAF4CD940AC1030000206869F7AA8C8C8C111A3A6262620EFBFCC1A25D26E787F92667D3472637FD4B53B22FDD443538D38447C550782729323252C347544E4ECE8D4949499FCC98316337A5121AE8BC080000428A0E24D7311DDABDAAA6D0B17DFD3F4C51EE4FC6E53C64DCAE725392B7D564AE9B624A0B7752803ED0A04103D3A64D1B97DD6E7F93D2207800000004259DBD4A0792EB988E23C9DBB6D2941F2A3EEC790D21B9E9CB29401F69D5AA5593F0F0F0F3962E5DFA3B4A83E0010000107474CA5C9DBDAAA6311D078ED2AAA1AD21F09D33CF3C3347767D29098207000040D0D1753A74CADC9AB89D65357FB19BB53D7CA969D3A62D65D79392080DE1140100000825BA38A0CEAE84534FFE0F67C9AE1925111A68F1000000214517B56371403FB910FDF5FFC08D708207000040E889883EBDC6CF8547D15202103C0000007CA049EBCB4D786483C39EB747449B26E774A7800082070000C0C96BD8AC8369D0F4FC233EDFE8CC8E141040F0000000F00D67D981C39E2B3FB89F8201081E00000027EF50F11E6B85F2A23D9B0EFB5CF1DE2D26F39BC9D66B00103C0000004E4841D67A091DEF99927DE935BEA6247F9BC95833C9ECCBFCDAB859D303382E4C5F060000429AB660ECDAFCA9D5A2511B2EE721EBF5FBF76C3267FEBF1B8DC35A8A02C0B1D0E2010000429AB660D4367478D396916D6BDFA1000182070000C0B1690BC68972BBCA2940A096E86A050000425AFB5E2F5108403DA0C50300000000C10300000000C10300000000081E00000000081E00000000081E0000000040F00000000040F00000000000820700000000820700000000820700000000103C00000000103C000000008484708A0000000492848484676C365B5A7676F6A2E5CB9797532200C1030000A02EBCE876BB4DF3E6CD0F4808592C2164727979F9AA949494A240FD83162E5C681A376E6C7AF4E851F9DCE8D1A3CD638F3D66C2C28EBF83CAA143874C646424470A081E000000274B0247B4EC6E971072BBDD6E2F4A4C4C5C2C8FFF111515B57CEAD4A9A581F4B74C9C38D10C1932C47CF6D967E69B6FBE31BD7BF736E9E9E9E6D34F3F35E1E1E166E5CA95E6E5975F367BF7EE351B376EB4BEA6A4A4C47ABC7EFD7A73C30D37982D5BB69873CE39C7ECDFBFDF6CDFBEDD3CF9E493557E867EEFAD5BB75A3F0720780000009C98861240E2651F5F5A5A7A5042C87CF978762074C74A494931D3A64D339F7FFEB9E9D8B1A369D9B2A52928283093264D322FBCF0821514AEBFFE7AEBB5679C718669DFBEBD59B46891E9DBB7AF69D4A89159BD7AB5F5790D21575C714565C8F0D060F2D65B6F998F3FFED8FA1A80E0010000E01B51124212649F101717A72D215FC8C793FCB525A479F3E6A6458B16E6DA6BAFB55A37366DDA54D9BD6AE0C081467E6F2B68DC74D34DD673FADA888808EB79ED4EA5DDAA34687CF7DD7747EC5EA5AF8F8F8FB7820940F0000000752E2121A18DECEE0EB13F5B5B426E91FD2DA5A5A55A06E97BF6ECF1AB5F505B3BCACBCB8DCBE5B20247C3860DADE7BFF8E20BAB3B957AF7DD77CD65975D664E3FFD74EBB5656565263B3BDBEA8EA561C3D3E271CD35D758AFF76EF190F0657D7EF1E2C5564801081E0000A0AE69E8F84B8897C1B96BD6ACF19B2E471A16929292ACC070CF3DF798E79F7FBEF273070E1CB01E8F1F3FBEB2B5432D59B2C41AABD1AA552B6B40FAB15A3C008207000038959E0FE0DFBD36E1C92D9B4B36BBF793369BED976EDDBAB5F5973F44C76C785A293484646666567ECEE9749A66CD9A592D16DE348468AB8DCE80A5AD23F9F9F9555A3C74DCC7EEDDBB39C241F0000000A73E742427278F0AD45F3E2121A1C6E0E176BB9D122E346CD83474C8E37C79BC4CB6995151519FE9188F7BEFBDD7ED8F7F9786904B2EB9A4F2B176A9D2F05113ED9AA53360F5EAD5CB6AF5F074C1D219AD3484688B0840F0000000F011091707255844E9C715A143D7F3D0410EB3A3A3A39749D8C80F84BF232727C71AD7E14D7E77D3A95327ABE54379BA55AD5AB5CA1A0F92989868850F1D0BB279F3666B0C88B68268172C80E0010000E04315A143C3C65CD93E71381C8B026D1D0FA5B34F79A6CDF5D0A9763DA143E91A1D1A30264F9E5C39F3D5E5975F6EED77EDDA654DA7AB2D27A9A9A9955FA38B133EF8E083D6D77A1EEB54BDB7DC720B070F081E000000C7A2DDA864B75C2EC0A7554C959B1FC87FCF8E1D3BAACC46A58A8B8BAB3CD650A1AB992BED4EA50B0C7A82898EED58BB76ADF5B1AE03121B1B6B5AB76E6D050C4206081E000000C7EF599BCD96E17038E60662CB464DB475232626A6CA73D55B40AA87105DE7032078000000D481E4E4E49782F1EFAA1E3A80601346110000000020780000000020780000000000C10300000000C10300000000C10300000000081E00000000081E0000000040F00000000040F00000000040F00000000000820700000000820700000000820700000000103C00000000103C0000000080E00100000080E00100000080E00100000000040F00000000040F00000000040F000000002078000000002078000000F8DFC54F5898DBE57251107E40FE0FDB64574E49103C000000828EC3E1D8BD7FFF7E0AC20FECDBB72F4D761B28098207000040D0898888585550504041F8819C9C9C42D92DA724081E00000041A7B4B4747476767699DBEDA6304EAD8CBCBCBC2EB29F4751103C000000824E8F1E3DD648E8F82E2B2B8BC23885D2D2D296CAFF21EBBAEBAE5B4D69103C00000082526969E9808C8C8C92C2C2420AE314C8CFCFFF282F2FEF6697CB359CD2207800000004AD3E7DFAFC2817BDB77EFFFDF705848FFA0F1DA9A9A99D6C36DB9FE4FF904689103C000000825AAF5EBD96959797DFB171E3C6C2CCCCCC3CC67CD4B98CB4B4B4C9DF7DF7DDA5F2F12352FE8B2892D062A7080000080D175E78614FD9E9B6422E00975322C64C9F3EFD97A4A4A4050505055DB2B2B2624A4B4B37878585D9A2A2A21ADA6C360AE804E4E6E69AE4E46473F6D967EBD4C5DBF2F2F2BE4A4F4F5FF7D34F3F9D71E0C0817097CB95D4BB77EF559454E809A70800004028D36E57BA5BB26449D7ECECECBEB269386B2C9B83D2397E5F7DF595F9F1C71FCDBA75EBCCF5D75FDF2A3636768F3CBD49B63719484EF00000000879BD7BF7D685EC58CCEE24252424B491DD974545456DE6CE9D9BED743A135352527EA664C0180F000000F84C72727286DD6EBF523ED4B0D14A3EFEB2228C80E001000000F8CECC99337748E0B8DA133E64FB323E3E3E8E922178000000003E0F1FB2BB4EB60CD9DA48105929E1A31D2543F0000000007C4ABB5D399DCECBE4431DC0DF4EBB5DD1F241F0000000007C2E252525470287B67C78C67CFC1F633E081E00000080CF69B72B87C3F1DB8AF0A1A1E34BBA5D113C000000009F9B3A756ABEA93AE683D9AE081E00000080EF559F6A57B6C5840F8207000000E073DAEDCAE9746AF84893ADBD61AA5D8207000000501774C0B9EC6E364CB54BF000000000EAD211A6DA9D9F9898D894922178000000003EE5996AD7ED766F908717CA7E2D633E081E00000080CFE9988FE8E8E8ABCD7FA7DAFD98311F040F000000C0E774AA5DBBDDAEE1E31BD92ED4311F74BB2278000000003E57B1C8A06785F3766EB77B25DDAE081E00000080CF69CB47C50AE79EA97617D3F241F000000000EA247C985FA7DAB5C287DBEDFE3FC67C103C000000009FD3A9761D0E872E32684DB51B161646CB07C103000000F0BD8A6E57BACEC737369BADAB4EB54BF820780000000075153E74C0B9B67CB471B95C4BE97645F000000000EA2A7C54B67C30D52EC103000000A8CBF05165AA5D5A3E081E000000405D858FCAA97619704EF000000000EA2C7C389D4E6DF9F00C3867AA5D8207000000E07B292929395E03CE996A97E001000000D48DEA03CE75B62BC207C103000000A8ABF0711DE183E001000000103E50299C220080FAE576BB1DE9E9E90F1515150D28292939BFB8B8D821274B0AE624C945873B2A2A6A6F6464E49AB2B2B2B1DDBB77FF925201F532F8EBA5868FBBEFBEFBBAD2D2D2A5F2F3BA55848FEB66CD9A95CB7FC0CF8E078A0000EA8F5CD83C909B9B3B4E4E90A7C5C5C599D8D858D3A8512313164603F4C9D28B44B96834858585262727E790D3E9DC74E0C081017DFAF449A3747E959090304A767F91EDF9E4E4E4519408F53298EAA5848FC61A3EE4C36E122437C8FF8FF0E167EC140100D48FCCCCCC0519191923CE3AEBAC88F6EDDB9BC68D1B1B87C3A17704291C1FD0728C8A8A32313131A6458B1676B9E888DBBF7FFF3D77DD7557DAB469D37EA2848CB9F0C20B7BCA4EB715696969CB2911EA6530D5CB0D1B369476EBD62DA5BCBCBC97FCDC8B257CF4EEDCB9F33C39D64BF84FF807A23C00D4D3C58D6CB776ECD8D1B46CD9928B9A7A201739A64B972ED172A1F3FEB265CB6EA24440BD0CFE7AC9980FFF468B0700D431EDC6A177543B74E860DDF5ABEE60D12E93F3C37C93B3E923939BFEA529D9976EA21A9C69C2A36228BC93141919699A34691295939373635252D2273366CCD81DCAE5418B07F53214EA252D1FFE8B160F00A8433A6055FB8EB76EDDBAC68B9BEDEBFF618A727F322EE721E376959B92BCAD2673DD14535AB89302F481060D1A98366DDAB8EC76FB9B9406A897A1512F69F920780040C8D1597274C0AA762F3892BC6D2B4DF9A1E2C39ED78B9DDCF4E514A08FB46AD5AA497878F8794B972EFD1DA501EA6568D44BC207C10300428A4ECDA9B3E4D4D477FCC051EE9EEA5D57F8CE99679E9923BBBE9404A897A1532F091F040F000819BA1E804ECD5913B7B3ACE62F76B386802F356DDAB4A5F9757C03A897D4CB10AA97D5C387DBED5E999494D48AD22778004050D145C8743D009C7AF27F384B765D2909502F43AF5E7A850F5D3FA4BDD3E95C191F1FDF8EFF00C1030082862E9EC522647E72C2FBF5FF104E49807A199AF552C387DD6EBF413ECC90AD8D7CBC342121A10DFF05820700848488E8D36BFC5C7814776401EA257C69E6CC993B24705CE9091FB2AD247C103C00202434697DB9098F6C70D8F3F68868D3E49CEE141040BD441D840FD95D2DDBCFB2E9588F2F091F040F00087A0D9B75300D9A9E7FC4E71B9DD9910202A897A803C9C9C919B2D3311FBAD7D041CB07C10300829FB3ECC061CF951FDC4FC100D44BD47DF8A8D2F2C1807382070004A543C57BAC95908BF66C3AEC73C57BB798CC6F265BAF0140BD449D868FCA960FBBDDFE31EB7C103C0020A81464AD978B9BF74CC9BEF41A5F5392BFCD64AC9964F6657E6DDCAC1D00502F5167E1A362C0F98FB2B53FD222830909096EDD282D820700040CBD53BAFDDB6926FB870F4DF9A1E263BEDEE53C64766DFED46C5FFF4F53BA3F9B0204A897A8033AE0DCE1705C668EB0C2B9048E035E012499D22278004040D03BA5DA5DE378E91DD86D6BDFA10001EA25EA48F515CE357C48D038288F1D5E2FEBCF38108207000404BD537AA2DCAE720A10A05EA21EC387EC23ABBFC66EB73F45499D18567005807AD4BED74B14024E99162D5AE467656599D6AD5B333D13F51247091F0909099D8FF292BBFAF7EF3F61F6ECD96994D6F1A1C503008010F0DC73CF25EEDBB76FDC0D37DC60F6ECD933FAE9A79FBE9B52010E27A1A3C41CA1A5C38BDD66B33D4349113C0000403523478EEC9B9999F9FE430F3D143668D020F3C8238F84EDDAB5EBBDE1C387DF49E900554287CE5C155D8B97DEC1580F82070000F0A22D1DB9B9B973860E1D6ABFF8E28BADE7BA74E9A2E1C3BE6FDFBEE9840FE057898989B38EE3E5F6F0F0F06729358207000010CF3FFFFC5DDBB76F9FA12D1D9ED0E1D1A95327336CD8302B7C0C1932E40F941642DDAC59B3129D4EE779369BAD5653E6BADDEE41FDFBF7BF9092AB3D06970338DA9BAA233535F5AE6FBFFDF6CEECECECAE595959A7151616869796969AF0F07077A3468DCA9A3469B2332626E66B79F98B4F3CF1C44F941AE03FA1232323E31FDAAD4A5B388E449F7FF4D147EDE3C68D9B3D68D0A0F8E9D3A77F44C92194A5A4A4FC2CBBC4F8F8F867ED76FBABF2F16D47BB5E0E0B0B1B29BBBB8EF4B9A4A4A456E5E5E5B74990B94A1EEA0C5971B23594AD54B61C39C76E90CF7D253F2759D71121780008D9C0F1E1871FBEFBD24B2F25EEDDBB37BC43870EA667CF9EE6ECB3CF3612348CC3E130123E6CFBF7EF8FDCBE7DFBB9696969E7AE5FBFFECEE1C38767161717BFF4EEBBEFBE472902A73474241D2B747868CBC788112322C68E1D3BE7AEBBEEBA7DDAB4699F508220805801243E3131B1BDECFF22E7C578D9DB8FF0D2011230FEEC1D1CE46B34AC0C71B95C3D24581C6990BAAE0BD2463ED746838DD3E91C939090B05C1E4F99356BD60C82078090B17AF5EA7B5F7EF9E5BF17141444C91BA17547D46E3FFCBD56C3876ECD9A3533DA8563D0A041B68D1B379E939C9CFCF6E0C18347E4E5E5DD5CF1C60DA01E0D1B36ECB6F4F4F46943870E3D66E8F00E1F8F3DF658E4983163E6CB45D32D72F1F319250958DDAF7EFC354B243E2FE1E3CF1A34BC3F2FCF854970982C1FDE20E74C0D136FCB737D4EE047F594AFEB29DF63B07CBF7B82F5FC69E7900250F1E6192E0162D9DCB9731FB9F2CA2BC31F78E001D3B2654B6D46AEF5F7888B8B33BD7AF50A8B888868FAF3CF3FFFE9B7BFFDEDAE75EBD6AD0FE572954036EA9C73CEE100F313DBB66D33EFBFFFFEF3C1FAF7694B474E4ECE2CEF81E4B5D5BC7973D3AE5D3BFBEAD5ABEFE8D0A1C3C6EFBFFF7E33F512D4CB5FA5A5A5E5CA365F42FA6C79D85836EF753EDA5D70C105763145CEA595633EF4A65DE7CE9DCDADB7DE6AFAF7EF6FE2E3E3CD9D77DE696EBCF14673D5555799F3CF3FDF485031BB77EF362E97CBF365ADE5BC7BAFFC9CEDF2F3BE23780008CAD0B162C58AAF3FF9E4932B860D1B662EBBECB2E30A1CD5C9C58BE9DAB56BC4575F7D759DECF3D7AF5FBF96E0012E70EAD6B3CF3E3B20333373FA89840EEFF0D1B66DDBF0356BD6DC1ECCE1837A49BDF4450091D0D05A9E3A5F9FD7711C722E8DF6048EDFFFFEF766C89021A64F9F3EE6DC73CF35B1B1B1262A2ACAFA1E111111A651A34656F7E5DFFDEE77E6EAABAFB602C8D6AD5BF57CAC2FD1EE59B7CBCFD8293F2BA86EDE31AB1500B370E1C225F3E6CDFBAD5CB898F3CE3BCF27DF534FEA2FBCF042B40498D71213130750CA40DD868E1D3B764CD3311D271A3A3CB47BD6C891231D91919129FDFBF7BF89D2050EA75DB064BB5582C2CBDECFB768D1C2BCFAEAAB3AB0DCEA8A5C1B8D1B37B65EAF5FA761C443BEF7E4603B7F123C8010A7633A162F5E7CF5D0A1436BFD26595BFAFD9E7EFAE986111111132B06E801F031ED5EE5091DB51DD3712C3AE643C387D4DD395277AFA79481C3E9980EBBDDFEBF9EC7DA756AD4A85155C2C3F1D0AFD3AFD7FAE7153E2605D3F993C1E54008D3D9AB5E7CF1C549DA24ECAB968EEAB4E5A37FFFFE511F7CF0C13FE5E165943AE03B471A489E9F9F6F1E7CF0C1C35EFBE69B6F56B9B950525262FEF8C73F1EF6BAB7DE7ACB9ABD4E2F7E1E7FFCF1E8D1A347CF930B9FBE0C3807AA0A0B0B7BCFE5729DAE1F6B4BC7881123AC2E5427E3B4D34ED37A6D0590EDDBB7EB530DB5E543F65706459971D800A16BC1820553744A5CED835A976EBCF1C6E8D8D8D873E97205F88EB67448C8985B7D4C8776DBD0E0A117305E1748E6EDB7DFAEF2F5EFBEFBAED5D7DCE3F4D34F3703060CB0428747C56C57A7C9D7CFA5DB15F05F3A65AE848E6BF5631DD3A161E164438777F8D05E085E334A760F96F327C1030851DADA919696D64FA7CCF5BEF8A82B83070F3E5D2E5E86045A3949F93CA327989E3D7BD2420CBF39862A1607AC7120798F1E3DCC59679D55F95867CC494F4F37DF7CF38DF5F8A79F7E32A9A9A9A6ACACCC7A1C1E1E6E626262CCF5D71FDEAB4A5B521E7FFCF108794DB23F850F29D79ED44B9CC27A59793EBBE1861B4EB87B554DF4FBDD74D34DDEE7ECC1040F00014B5724DFBD7B77B8AFFA841F4BE7CE9D23A3A2A2CED53EB10156542FCA1BFEFCB8B8B87CB9E89AA1FDDDE3E3E31B06E331F1DE7BEF9943870E1DF3359B366DB23EDEB87163E5F399999954AA631C43CD9B37CF95E3FFFD933D86BC57243FDA40F2871E7AA84AABC7810307ACFFDFFEFDFBCDC48913ADAE561EFABAFBEFBFFF886BF678EAAF277CF8D1988F2F255CFD2C653A49B66E817E902C5CB8D0FCFBDFFFAEF2DCE8D1A3BDA7593D2EC7AACB38F1F7765D915C7657EBC75A673478D405BD11E07563B07B009E3F0FC39D0220447DFBEDB777D6B438605DE9D4A953CE7FFEF39F3BE4C3B10158640D6C365B929CA892A4CC0AE404B0501E7F20616AF9D4A9534B03F118D8B1638769D5AAD57FFFC0060DAC3BE2975F7E798DAFD1BBE4DA4AA6860F1F6E3EFBEC33131919A9D3939A2FBEF8E2A4A6610E7672BCC4CA6E801C4303E418DA2BE5F8B13C37FB788EA1E79E7B2EB1B62B92EBBA3A7AE1B278F1622B74280D1B2FBFFCB2292C2CAC7C9D760FD129B4DBB66D7BCC9B0723478E748E193366965CA80D9C3D7BF6A2535DA652963A27EE03BA4979E6CAFE43D966E5E4E4AC5ABE7C7979201D1F1A0675FA55AD535A0F7BF7EE6DB5527DFAE9A7568BD4CA952BADFFDDDEBD7B2B43BFFE3FF5F1FAF5EBAD8BDF2D5BB658E3EA345CEAF880279F7CD27ADD840913ACEFA3F557A73B1F3C78B01938702095F2F0F7F642398E3E3AD67B7B7979F96DF21AEBE4A9F5D0BB7BA22F69B749BDB920E74DCF53817AFE247800A12E3B3BBB6BCF9E3DEBF5675E7AE9A58DE50DF4AA407FE3147A0139504E54034B4B4B0FC8894AE773FF48CA7451205DEC2427279B0B2EB8A0322CE822563AD7BC5EF8A8152B569833CE3843FBF8EB89D6C8DF6AED75AE79BDD8D10526357428ED1640E8382E67C876B71C43774BB916CB319472AC63482EFAFB666666BE7F3C2B92DF7EFBEDD6FFD1133CB46B95B64E55AC15F0EB85805CD4F6EBD7AF56DF4F7E6EF48811235C63C78EFD40C2C79DFE103EBC3495ED7EDD9A376F9E23BFDF22F93B67CB71BDDCDFEB654A4A8A99366D9AF9FCF3CF4DC78E1DADBA55505060264D9AA4D3925B81C4D30D4EEB64FBF6EDCDA2458B4CDFBE7DADE0B87AF56AEBF35A2FAFB8E20AEB759E7AAC366FDE6C0D7CEEDEBDBB91B2B06E146840D12E79A822C6EBBDBD343131718E3C9E5FBD5EEA9A1D9E8F2FB9E4923AFD85F4FB7B058F803F7F123C8010959595755A7D2FA0D5B66D5BEDF7D135C88A32DA7301191717A72D219FC949696AA0B484E80ABA1EDABAA101C23395A34E0DA90B5F290D1DBB76EDB2BA7DE820647DFE9FFFFCA7D9B76F5F9531427AA13B65CA14EB35A8B5065EC7D05EB9D8592A8FA7791F43DAD251113A8E6B71406DD1D441AA63C68C31C5C5C5D673DEA143EFA8DE7BEFBD55BA641DCB45175DD4E0F1C71F2F1A3D7AB43F860FCF85619CECEE93FD7D1242F6CBEFB95082F10C7FAD97BA70A3CE8A74EDB5D75A4150BB337A82BCB64CE8C2731A343C7DFEF5B55AEFF4790DFFDAAD4A83C677DF7D577933C09B06180FFD1E7AD3496F20103C8ECA21756590EC0749BDD4969025723C4DD16348DE0FBB7A9DD7EAF49768D3A68DF7C3803F7F123C801055585818AE171DF5A9ACACAC99BC9197CB1BF8A8202D566D09E92F7F637FBD50978B9DAD7BF6ECF1DB5F565B325E79E515E3B990D58B9DA64D9B9A9D3B779A8C8C0CAB3B8E5C605A9F6BD8B0A1B5E9458D762BD0D768E8D0EE1F9E00ABDFEBE9A79FF6DBD0919B9B6B7549F1F3E3EF0C397EB42F5B42C531F4B35C94CEDCBE7DFBB3DAD271228B036A80D430B966CD9A2AE305F4C256BBD175EB76FCC323BA74E9D270E4C89179123E664950FA487EE79FFDB540E56251A71AB2BAD278CA343B3BDBAF7E476DEDD0D644FDFFE8FF45EB9AD2EE8B9EB1383A0B997689D3FAA5AFD5D62BFD3BB43B96D64B4F8BC735D75C63BDDEBBC5C39BFE8C0D1B3698FBEEBB8F7A597BDA1272871C4377E831A4C5E81DDEEB52B5EFDF94E0012020E99BA7C3E1A8D79FA9DD01E42240DF77FE120A652C7FEBFFE8C59E7687F0577AD753C382D28B985EBD7A59173DAB56AD32DBB66DABF25AED8AA5AFFFE0830FAC6957F502E8965B6EA9FCDA77DE79E7B8EE9CD7370D49DF7EFBAD09A4E34F8EA17652EE7FD1FEFB27B322B9FEBFBCBA6B58B4E5E30F7FF8C3097FCFAE5DBB3669D9B265E18E1D3B9202AC5EB6D30B5D09207EF1FB6858D055AB3530DC73CF3D3A7940E5E7B48B9C3E1E3F7E7C95198E962C5962D5450D8E7A617AAC160F6F4F3CF1847517DDBBB5937A79DC2AFB95FA6A0ADD9A547B4F75980047F00042545454945BC287AD3EC3C725975C923B77EEDCC672E27F39808AAA3627C3B28A7D44B50B9C5FBA75EBD6D69FFF38BD73EAB9339A96966685093D26F463EFE958358868B0D0CFDF79E79D87050C7DAD3F870E75E595575A614A2E729EF7C363A8A68BE45FCE38E38C0F972F5FFE68972E5D4E7865720D8BF2BDAA74B3D23BEB1F7DF49135CEE7444839EEDAB973A70ECC9D798A5A3C4EA85CF577957AD9CE5F8E4B1DB3E169A5D010E23D439CD3E9B4167DD48902BC6908D1D654ED2AA5370A74D148EF160FBD18D61B05D5BDF6DA6B562B4A4DAD21D4CBC338E5787157DC30F3AE972E79DA0A1F3A90BF2E0656720500000C9449444154C387F7EC7322202732217800D039FBCBE4641559FD845697222222F2E40DBB3439397954A094534242424D27A73239F1B8E4EF89F2040E799C2F8F97E9859804BBCFB42FF9BDF7DEEBF6EB93407878E5A055EF160FDDBC5B3C7450AA6E8F3CF2C851BF9F5E0C79AF8EED4FB41B99B61A3CF1C413A3FCE4183AD245F161C7903EFFF4D34FAF9D3061C2AC871F7EF8B8BB5BE99A1D7A27BCFAB4AC7A51ABFF639D41E978BB5B69E81833664CB47CCFC45335C6A3B6E5AA652A214BAFB42BC7CDDC77DF7D7E592F3584780F56D61B03FA7FAA89FE4FF5FFA7F5565B3D3C5DB074462B0D21DE33D28D1C39D2AC5DBBD66A2DD19F43BD3CF2F1A3DD81B568A50E6AD391BD22B057A997A5A5A5A9F2392BBC6AE8ABCBE0A1DFDF4B2EC10340406ADCB871A65C74B4ABCFE0919A9ABA55AF7702B8D8746A20BD7AD3C1C0117A421245B2E945CDECE8E8E8657251931F487F50870E1D8ED8E2A1FDC6756CC0B1E85D551D0FE2A11736FED28523801CF3187AE59557E60C1B36ECD0C48913E7CADE5EDB960FBD68FDDBDFFE668A8A8A2A9FF36EF9D099937492006DF5A86D8B955CE8EE1A3F7EBC868E247F1C58EEB94093BF7181048E79393939CB0265B639F95DAD16096F723C5863743C81DED3AD4A5B21B5D52A3131D10A1F7A675C67AFD23AAC370E3C6303349C78A6C0D6AFABEF2EB601E250C5B929DAAB75A3C67A29E5B9C1133C7EF9E5179F2F1EE8CDFBFD556C20780008483131312BE442B3DDA5975E5A6F3FF3EBAFBFD6AB9D15015C6CD15E27A4B9B27D2227F14581BA8E87D201E61EDE2D1ED5E940729D15A9626065E500D579F3E699071F7CD0EA6EA074662CED3F7F32E31142286C1CD731F4FAEBAF2F90D07187ECE7D67676AB0F3FFCB04A570D9D09496744CACACAAA5CB55CF773E6CC3177DF7DF731BF9F5CD8664F9830C1E1A7A12347B6057AA12865BA3A10EBA5FE6FAAAF1EAF53ED7AB7226A5DD3803179F2E4CA99AF3C6BEFE8CC733A9DAEB668E89A1D4A5B41B44B9DD2E9B23DB47B64B58BDA5016793CF55242ED0A0928BAA6863569C355575D5567BF987E7F2F2B02BDA0091E40882A28287875DBB66DF7389DCEB07A5A44B074CB962DED653F2410CB4B9BDA65B75C4EF49EEE1AF9C1764CE805A8CE5675A4960EBD8BAA83407581324F30F9EB5FFF5AD9BAF1C0030F5877CE757ACFBABCFB17C87C710C69F818326448FC9B6FBE39FBE1871F8E385AF8D0BBE77A87DB3B784447479B3FFFF9CFD6C2727979799517B23AF1838E1738DAD4A0DABD6AECD8B1B13A3B941F850E1D5BB24CB629F2F76E08B44503ABD3E05E7DFC85671A640FCFDA3A4ABB53E9C2809E60A25D7EB4D5B1E23DDE0A1AAD5BB736070F1EA402FAB05E8687872F9073E704FD501773D4BA54178B086A37AB75EBD6E90D3B5BC55373091E0002D24B2FBDB4F5D1471F4D9737CDFFA98FBBD34B962C99E772B9CE494E4ECE08B0A27AD666B365381C8EB981DCB2511B7AC7FB6833E2E80C569E59AC947797AAEA77695177C7D05B6FBD35BF5FBF7E37BEF1C61B9F3CF2C8239135D5DFB7DF7EDBEA96E3A15DA974CD0EBD387DE8A187CCE8D1A32B5BB074F6247DFDABAFBE6A8E7423C233A6433E4C9A356BD6023F29D7AB037185F2A3D1D68D9898982ACF1DAD6E69086105F2FAAF973367CEDC919898B85C424B2FEDCEB878F1626B66325FD3105A5E5EEE091DAB02F0FC49F000F05F0505054F7D20BA74E9125EC7AD1EF9D3A64DBB40DEE4C7075A19C91BFD4BA1723C1C6B1A4EF8CF313467CE9C6572E173EBC48913E70F1D3AD4513D7C68FF7FBD7BAEDD6C3C74BD154FD74A1DDBD3B973676B6C80769BD380A277D675E0B14EDDEBCD5FC77448B92E0FB663A57AE8805FD7CBB764EBA51F68F0D016435FB6F6EA04011F7FFC71656B879C3FDF0986720FE3D00342D7942953528A8A8A36E99B665D1A3B76ACB676146767672753EA806FCC9A35EBB383070FFEE1F5D75F2FD5EE1E95293F3F5F5B450EEBA273FFFDF757793C78F0E02A335D697791E9D3A75776C152DAD2A1A1433EECEFC703C9815351FFB4E5CF0ABFDAEA21F5B072ACDBC9D2EE916FBCF18653EA67656B47B09C3F69F100425C4141C12DF3E7CFFFE1FCF3CF8F3EEFBCF37CFEFD53535317AE5BB7EEF7369BEDEA60EA1201F84BF8E8D7AFDFCDE3C68DFB78D8B06156CB87CE6624CF1FF36BB5EBD5D15EE769E9D0D0A13F87D2060E738F6C3AA8A6A94ED820F5D08C1831E2A4A6D7D5D02121C6BD73E74E4F378422397FFE2958CE9FB47800214EFB8C1E3A74E84FF28659A26B30F892BC717EF5DA6BAF759537CD9172E1F223A50DF89E76BB3A78F0E0CDDAF22121DF27D3556BE898306142A476AF227400359F3FDD6EF750F9D00A05BA66CEA851A3AC6E522742BFEEB9E79E73A6A6A67A5A3AB48BD583C174FE247800303366CC9859545434F499679E29D2598B7C415B3A1E7FFCF1B39D4EE72479D39C412903F5123E0E9E6CF8F074AF92BA3B88EE55C0D1491DD12E507FF2840F6DF978EAA9A774007AF5C5FF6AA4AF9310A3B3CD79B774E88C5B4F05DBF9D3CE2103A022287CDBAE5DBBF455AB56F5B6DBEDE5E79D775EA4678EF8E3942F172DC9F2667C95BC693E23FBBF8572B90E1A3468940EEA857FD095BADF7FFFFDE783F16FFBFEFBEF7FE9D8B1E3FA356BD6F46DDBB66D585C5CDC7157606DE918376E9CD5BD4A2E843EA55E827A796C6969691BA4EEE95DBB5E369BCDA10B74EA5A2B3A2BD5D6AD5BAD491E7402173DA7EA94E3DA9D4A7B18E85A2B0B162CD0A9C85D527F6DF2759E960E5D4F6470309E3F19E301A092DEB9494848583D67CE9C298B172FEE3878F0E0988B2EBA28BA965F5EBA74E9D205D3A74F6F276FB2ED744C07DDAB80FAA5DDA2121313FB8E1D3B76EEF0E1C3237EF39BDFD47AAA32EF81E474AF024EECFC29E7BEC93ACDAE3EA783CE754155DD8EC1FB26C12A1DD311ACE74F8207802A2AE609BF56DE40EF908B97072323233BB56FDF7E4FF7EEDD1B9E7BEEB9914D9A348973381C3AEFFFAEFCFCFC821F7EF861CBAA55ABEC5BB66C395FDE645BC9D7BE959393338381E4C0A90B1FFDFAF5BB6DC284090B247C98DA840FCF3A1D1553E6123A80133F7F5EA7E74F090F832580F43C8E6BED55E6D7853083FAFC49F00050D31BA8AE903A372929A9D5C68D1BEFD8B061C315F2B89B6CBAD09243B658D9CA64D379C63F97EDC16058DC0808063AE643C3C7F8F1E3E74BF828EBD6AD5B839A5EBB79F3E66C5D915C3E4C624C07E0DBF3A784F93B248078CE9F7115E74F3D8FE6CAB641B615FADA50397F123C001C95AED02ABBD72B360001143E121313E3274C98306FC4881185175F7CF161ABD355CC5EA57DD2FD69457280F3679062562B0000829476BB2A2F2FBF75DCB871B6B56BD7167A7FCE7BF62A420700820700003829DAF221E1E3F6D75F7FDDB666CD9A7D9ED0E135A683EE5500081E0000C0A7E1C3FEF7BFFF7D07A10300C1030000D459F8905DFF952B57EAEC73FD091D00081E0000A04EE8980F87C3713AEB740020780000803A3575EAD47C4A0100C10300000000C10300000000081E00000000081E00000000081E0000000040F00000000040F0000000000082070000000082070004DF9B6C5898DBE57251107E40FE0FDB64574E49807A49BD04C10300828EC3E1D8BD7FFF7E0AC20FECDBB72F4D761B2809502FA99720780040D0898888585550504041F8819C9C9C42D92DA72440BDA45E82E0010041A7B4B4747476767699DBEDA6304EAD8CBCBCBC2EB29F4751807A49BD04C10300824E8F1E3DD6C8C5CD7759595914C629949696B654FE0F59D75D77DD6A4A03D44BEA25081E0010944A4B4B07646464941416165218A7407E7EFE4779797937BB5CAEE19406A897D44B9C3A768A0000EAD68C193372070E1CB866EFDEBDB7C6C6C63AA2A2A228947ABCB8494D4DED64B3D9FEB777EFDEAB2811502FA99720780040509B3E7DFA2F03060CF866D7AE5DB7C9C9B6382626265AF6144CDDC9484B4B4BC9C8C8B8462F6E7AF5EAB5882201F5927A89538BDA0500F5E85FFFFA57FBB0B0B037C2C3C32F6AD6ACD98EA64D9B9E151B1B1B27CF51382749D703D0A93975961C1DB0AA7DC7B51B479F3E7DD2281D502FA99720780040485AB26449579BCDD6573EEC295B37D91C94CA49D345C8743D80E5B2CD63C02AA897D44B000000000000000000000000000000000000000000000000000000000000000000000000000000000000000000000000000000000000000000000000000000000000000000000000000000000000000000000000000000000000000000000000000000000000000000000000000000000000000000000000000000000000000000000000000000000000000000000000000000000000000000000000000000000000000000000000000000000000000000000000000000000000000000000000000000000000000000000000000000000000000000000000000000000000000000000010C2FE3F056A3460EBEE00030000000049454E44AE426082, null);
INSERT INTO `act_ge_bytearray` VALUES ('42502', '1', 'stacktrace', null, 0x6F72672E61637469766974692E656E67696E652E4163746976697469457863657074696F6E3A2043616E6E6F74207365742073757370656E73696F6E20737461746520276163746976652720666F722050726F63657373446566696E6974696F6E456E746974795B70726F636573733A323A33303030345D273A20616C726561647920696E2073746174652027616374697665272E0D0A096174206F72672E61637469766974692E656E67696E652E696D706C2E70657273697374656E63652E656E746974792E53757370656E73696F6E53746174652453757370656E73696F6E53746174655574696C2E73657453757370656E73696F6E53746174652853757370656E73696F6E53746174652E6A6176613A3832290D0A096174206F72672E61637469766974692E656E67696E652E696D706C2E636D642E416273747261637453657450726F63657373446566696E6974696F6E5374617465436D642E6368616E676550726F63657373446566696E6974696F6E537461746528416273747261637453657450726F63657373446566696E6974696F6E5374617465436D642E6A6176613A313439290D0A096174206F72672E61637469766974692E656E67696E652E696D706C2E636D642E416273747261637453657450726F63657373446566696E6974696F6E5374617465436D642E6578656375746528416273747261637453657450726F63657373446566696E6974696F6E5374617465436D642E6A6176613A3735290D0A096174206F72672E61637469766974692E656E67696E652E696D706C2E6A6F626578656375746F722E54696D6572416374697661746550726F63657373446566696E6974696F6E48616E646C65722E657865637574652854696D6572416374697661746550726F63657373446566696E6974696F6E48616E646C65722E6A6176613A3339290D0A096174206F72672E61637469766974692E656E67696E652E696D706C2E70657273697374656E63652E656E746974792E4A6F62456E746974792E65786563757465284A6F62456E746974792E6A6176613A3835290D0A096174206F72672E61637469766974692E656E67696E652E696D706C2E70657273697374656E63652E656E746974792E54696D6572456E746974792E657865637574652854696D6572456E746974792E6A6176613A3936290D0A096174206F72672E61637469766974692E656E67696E652E696D706C2E636D642E457865637574654173796E634A6F62436D642E6578656375746528457865637574654173796E634A6F62436D642E6A6176613A3532290D0A096174206F72672E61637469766974692E656E67696E652E696D706C2E696E746572636570746F722E436F6D6D616E64496E766F6B65722E6578656375746528436F6D6D616E64496E766F6B65722E6A6176613A3234290D0A096174206F72672E61637469766974692E656E67696E652E696D706C2E696E746572636570746F722E436F6D6D616E64436F6E74657874496E746572636570746F722E6578656375746528436F6D6D616E64436F6E74657874496E746572636570746F722E6A6176613A3537290D0A096174206F72672E61637469766974692E737072696E672E537072696E675472616E73616374696F6E496E746572636570746F7224312E646F496E5472616E73616374696F6E28537072696E675472616E73616374696F6E496E746572636570746F722E6A6176613A3437290D0A096174206F72672E737072696E676672616D65776F726B2E7472616E73616374696F6E2E737570706F72742E5472616E73616374696F6E54656D706C6174652E65786563757465285472616E73616374696F6E54656D706C6174652E6A6176613A313430290D0A096174206F72672E61637469766974692E737072696E672E537072696E675472616E73616374696F6E496E746572636570746F722E6578656375746528537072696E675472616E73616374696F6E496E746572636570746F722E6A6176613A3435290D0A096174206F72672E61637469766974692E656E67696E652E696D706C2E696E746572636570746F722E4C6F67496E746572636570746F722E65786563757465284C6F67496E746572636570746F722E6A6176613A3331290D0A096174206F72672E61637469766974692E656E67696E652E696D706C2E6366672E436F6D6D616E644578656375746F72496D706C2E6578656375746528436F6D6D616E644578656375746F72496D706C2E6A6176613A3430290D0A096174206F72672E61637469766974692E656E67696E652E696D706C2E6366672E436F6D6D616E644578656375746F72496D706C2E6578656375746528436F6D6D616E644578656375746F72496D706C2E6A6176613A3335290D0A096174206F72672E61637469766974692E656E67696E652E696D706C2E6173796E636578656375746F722E457865637574654173796E6352756E6E61626C652E657865637574654A6F6228457865637574654173796E6352756E6E61626C652E6A6176613A3935290D0A096174206F72672E61637469766974692E656E67696E652E696D706C2E6173796E636578656375746F722E457865637574654173796E6352756E6E61626C652E72756E28457865637574654173796E6352756E6E61626C652E6A6176613A3530290D0A096174206A6176612E7574696C2E636F6E63757272656E742E546872656164506F6F6C4578656375746F722E72756E576F726B657228546872656164506F6F6C4578656375746F722E6A6176613A31313432290D0A096174206A6176612E7574696C2E636F6E63757272656E742E546872656164506F6F6C4578656375746F7224576F726B65722E72756E28546872656164506F6F6C4578656375746F722E6A6176613A363137290D0A096174206A6176612E6C616E672E5468726561642E72756E285468726561642E6A6176613A373435290D0A, null);
INSERT INTO `act_ge_bytearray` VALUES ('42504', '1', 'stacktrace', null, 0x6F72672E61637469766974692E656E67696E652E4163746976697469457863657074696F6E3A2043616E6E6F74207365742073757370656E73696F6E20737461746520276163746976652720666F722050726F63657373446566696E6974696F6E456E746974795B70726F636573733A333A33353030365D273A20616C726561647920696E2073746174652027616374697665272E0D0A096174206F72672E61637469766974692E656E67696E652E696D706C2E70657273697374656E63652E656E746974792E53757370656E73696F6E53746174652453757370656E73696F6E53746174655574696C2E73657453757370656E73696F6E53746174652853757370656E73696F6E53746174652E6A6176613A3832290D0A096174206F72672E61637469766974692E656E67696E652E696D706C2E636D642E416273747261637453657450726F63657373446566696E6974696F6E5374617465436D642E6368616E676550726F63657373446566696E6974696F6E537461746528416273747261637453657450726F63657373446566696E6974696F6E5374617465436D642E6A6176613A313439290D0A096174206F72672E61637469766974692E656E67696E652E696D706C2E636D642E416273747261637453657450726F63657373446566696E6974696F6E5374617465436D642E6578656375746528416273747261637453657450726F63657373446566696E6974696F6E5374617465436D642E6A6176613A3735290D0A096174206F72672E61637469766974692E656E67696E652E696D706C2E6A6F626578656375746F722E54696D6572416374697661746550726F63657373446566696E6974696F6E48616E646C65722E657865637574652854696D6572416374697661746550726F63657373446566696E6974696F6E48616E646C65722E6A6176613A3339290D0A096174206F72672E61637469766974692E656E67696E652E696D706C2E70657273697374656E63652E656E746974792E4A6F62456E746974792E65786563757465284A6F62456E746974792E6A6176613A3835290D0A096174206F72672E61637469766974692E656E67696E652E696D706C2E70657273697374656E63652E656E746974792E54696D6572456E746974792E657865637574652854696D6572456E746974792E6A6176613A3936290D0A096174206F72672E61637469766974692E656E67696E652E696D706C2E636D642E457865637574654173796E634A6F62436D642E6578656375746528457865637574654173796E634A6F62436D642E6A6176613A3532290D0A096174206F72672E61637469766974692E656E67696E652E696D706C2E696E746572636570746F722E436F6D6D616E64496E766F6B65722E6578656375746528436F6D6D616E64496E766F6B65722E6A6176613A3234290D0A096174206F72672E61637469766974692E656E67696E652E696D706C2E696E746572636570746F722E436F6D6D616E64436F6E74657874496E746572636570746F722E6578656375746528436F6D6D616E64436F6E74657874496E746572636570746F722E6A6176613A3537290D0A096174206F72672E61637469766974692E737072696E672E537072696E675472616E73616374696F6E496E746572636570746F7224312E646F496E5472616E73616374696F6E28537072696E675472616E73616374696F6E496E746572636570746F722E6A6176613A3437290D0A096174206F72672E737072696E676672616D65776F726B2E7472616E73616374696F6E2E737570706F72742E5472616E73616374696F6E54656D706C6174652E65786563757465285472616E73616374696F6E54656D706C6174652E6A6176613A313430290D0A096174206F72672E61637469766974692E737072696E672E537072696E675472616E73616374696F6E496E746572636570746F722E6578656375746528537072696E675472616E73616374696F6E496E746572636570746F722E6A6176613A3435290D0A096174206F72672E61637469766974692E656E67696E652E696D706C2E696E746572636570746F722E4C6F67496E746572636570746F722E65786563757465284C6F67496E746572636570746F722E6A6176613A3331290D0A096174206F72672E61637469766974692E656E67696E652E696D706C2E6366672E436F6D6D616E644578656375746F72496D706C2E6578656375746528436F6D6D616E644578656375746F72496D706C2E6A6176613A3430290D0A096174206F72672E61637469766974692E656E67696E652E696D706C2E6366672E436F6D6D616E644578656375746F72496D706C2E6578656375746528436F6D6D616E644578656375746F72496D706C2E6A6176613A3335290D0A096174206F72672E61637469766974692E656E67696E652E696D706C2E6173796E636578656375746F722E457865637574654173796E6352756E6E61626C652E657865637574654A6F6228457865637574654173796E6352756E6E61626C652E6A6176613A3935290D0A096174206F72672E61637469766974692E656E67696E652E696D706C2E6173796E636578656375746F722E457865637574654173796E6352756E6E61626C652E72756E28457865637574654173796E6352756E6E61626C652E6A6176613A3530290D0A096174206A6176612E7574696C2E636F6E63757272656E742E546872656164506F6F6C4578656375746F722E72756E576F726B657228546872656164506F6F6C4578656375746F722E6A6176613A31313432290D0A096174206A6176612E7574696C2E636F6E63757272656E742E546872656164506F6F6C4578656375746F7224576F726B65722E72756E28546872656164506F6F6C4578656375746F722E6A6176613A363137290D0A096174206A6176612E6C616E672E5468726561642E72756E285468726561642E6A6176613A373435290D0A, null);
INSERT INTO `act_ge_bytearray` VALUES ('47505', '1', 'test.bpmn20.xml', '47504', 0x3C3F786D6C2076657273696F6E3D22312E302220656E636F64696E673D225554462D38223F3E0A3C646566696E6974696F6E7320786D6C6E733D22687474703A2F2F7777772E6F6D672E6F72672F737065632F42504D4E2F32303130303532342F4D4F44454C2220786D6C6E733A7873693D22687474703A2F2F7777772E77332E6F72672F323030312F584D4C536368656D612D696E7374616E63652220786D6C6E733A7873643D22687474703A2F2F7777772E77332E6F72672F323030312F584D4C536368656D612220786D6C6E733A61637469766974693D22687474703A2F2F61637469766974692E6F72672F62706D6E2220786D6C6E733A62706D6E64693D22687474703A2F2F7777772E6F6D672E6F72672F737065632F42504D4E2F32303130303532342F44492220786D6C6E733A6F6D6764633D22687474703A2F2F7777772E6F6D672E6F72672F737065632F44442F32303130303532342F44432220786D6C6E733A6F6D6764693D22687474703A2F2F7777772E6F6D672E6F72672F737065632F44442F32303130303532342F44492220747970654C616E67756167653D22687474703A2F2F7777772E77332E6F72672F323030312F584D4C536368656D61222065787072657373696F6E4C616E67756167653D22687474703A2F2F7777772E77332E6F72672F313939392F585061746822207461726765744E616D6573706163653D22687474703A2F2F7777772E61637469766974692E6F72672F70726F63657373646566223E0A20203C70726F636573732069643D2270726F636573732220697345786563757461626C653D2274727565223E0A202020203C73746172744576656E742069643D227369642D30433044443833362D383130392D343238342D424243322D393337323842303741314437223E3C2F73746172744576656E743E0A202020203C757365725461736B2069643D227369642D33424533393533422D464430452D344633332D393438362D31463736383445413235443522206E616D653D22E5AEA1E689B9E6B58BE8AF95223E3C2F757365725461736B3E0A202020203C73657175656E6365466C6F772069643D227369642D46433241314336332D453643342D344246392D393534422D3736383139373641444146462220736F757263655265663D227369642D30433044443833362D383130392D343238342D424243322D39333732384230374131443722207461726765745265663D227369642D33424533393533422D464430452D344633332D393438362D314637363834454132354435223E3C2F73657175656E6365466C6F773E0A202020203C656E644576656E742069643D227369642D35423535454339302D373932302D344538462D393844312D373331463741333432334130223E3C2F656E644576656E743E0A202020203C73657175656E6365466C6F772069643D227369642D35344333333632382D433330382D343041442D383530352D3630394145323538333738362220736F757263655265663D227369642D33424533393533422D464430452D344633332D393438362D31463736383445413235443522207461726765745265663D227369642D35423535454339302D373932302D344538462D393844312D373331463741333432334130223E3C2F73657175656E6365466C6F773E0A20203C2F70726F636573733E0A20203C62706D6E64693A42504D4E4469616772616D2069643D2242504D4E4469616772616D5F70726F63657373223E0A202020203C62706D6E64693A42504D4E506C616E652062706D6E456C656D656E743D2270726F63657373222069643D2242504D4E506C616E655F70726F63657373223E0A2020202020203C62706D6E64693A42504D4E53686170652062706D6E456C656D656E743D227369642D30433044443833362D383130392D343238342D424243322D393337323842303741314437222069643D2242504D4E53686170655F7369642D30433044443833362D383130392D343238342D424243322D393337323842303741314437223E0A20202020202020203C6F6D6764633A426F756E6473206865696768743D2233302E30222077696474683D2233302E302220783D223239342E302220793D223136372E30223E3C2F6F6D6764633A426F756E64733E0A2020202020203C2F62706D6E64693A42504D4E53686170653E0A2020202020203C62706D6E64693A42504D4E53686170652062706D6E456C656D656E743D227369642D33424533393533422D464430452D344633332D393438362D314637363834454132354435222069643D2242504D4E53686170655F7369642D33424533393533422D464430452D344633332D393438362D314637363834454132354435223E0A20202020202020203C6F6D6764633A426F756E6473206865696768743D2238302E30222077696474683D223130302E302220783D223336392E302220793D223134322E30223E3C2F6F6D6764633A426F756E64733E0A2020202020203C2F62706D6E64693A42504D4E53686170653E0A2020202020203C62706D6E64693A42504D4E53686170652062706D6E456C656D656E743D227369642D35423535454339302D373932302D344538462D393844312D373331463741333432334130222069643D2242504D4E53686170655F7369642D35423535454339302D373932302D344538462D393844312D373331463741333432334130223E0A20202020202020203C6F6D6764633A426F756E6473206865696768743D2232382E30222077696474683D2232382E302220783D223531342E302220793D223136382E30223E3C2F6F6D6764633A426F756E64733E0A2020202020203C2F62706D6E64693A42504D4E53686170653E0A2020202020203C62706D6E64693A42504D4E456467652062706D6E456C656D656E743D227369642D35344333333632382D433330382D343041442D383530352D363039414532353833373836222069643D2242504D4E456467655F7369642D35344333333632382D433330382D343041442D383530352D363039414532353833373836223E0A20202020202020203C6F6D6764693A776179706F696E7420783D223436392E302220793D223138322E30223E3C2F6F6D6764693A776179706F696E743E0A20202020202020203C6F6D6764693A776179706F696E7420783D223531342E302220793D223138322E30223E3C2F6F6D6764693A776179706F696E743E0A2020202020203C2F62706D6E64693A42504D4E456467653E0A2020202020203C62706D6E64693A42504D4E456467652062706D6E456C656D656E743D227369642D46433241314336332D453643342D344246392D393534422D373638313937364144414646222069643D2242504D4E456467655F7369642D46433241314336332D453643342D344246392D393534422D373638313937364144414646223E0A20202020202020203C6F6D6764693A776179706F696E7420783D223332342E302220793D223138322E30223E3C2F6F6D6764693A776179706F696E743E0A20202020202020203C6F6D6764693A776179706F696E7420783D223336392E302220793D223138322E30223E3C2F6F6D6764693A776179706F696E743E0A2020202020203C2F62706D6E64693A42504D4E456467653E0A202020203C2F62706D6E64693A42504D4E506C616E653E0A20203C2F62706D6E64693A42504D4E4469616772616D3E0A3C2F646566696E6974696F6E733E, '0');
INSERT INTO `act_ge_bytearray` VALUES ('47506', '1', 'test.process.png', '47504', 0x89504E470D0A1A0A0000000D4948445200000228000000E80806000000C57A1F1800000D9A4944415478DAEDDD6F6C55E51D07705F689C2F7C61A2EF6634D992F9CAF8C638E334C4C418A3C625FE29D22AA492561D20568C666A6A44226A94A833D3C468244C670841C7187FDA42A122644E830C83830D51406A9943AD162AC8B3F3BBE1906B69E196B6B7F7B69F4FF2E4DEDE737A5BCA39E77ECFEF79CE734E390500000000000000000000000000000000000000000000000000000000000000000000000000000000000000000000000000000000000000000000000000000000000000000000000000000000000000000000000000000000000000000000000000000000000000000000000000000000000000000000000000000000000000000000000000000000000000000000000000000000000000000000000000000000000000000000000000000000000000000000000000000000000000000000000000000000000000000000000000000000000000000000000000000000000000000000000000000000000000000000000000000000000000000000000000000000000000000000000000000000000000000000000000000000000000000000000000000000000000000000000000000000800A91523A75FBF6ED0B376CD8F0635B5B5B6A6969D1CADC5A5B5BD3DAB56BFF9BB53A5B240064229C747474A4AEAEAED4DBDBAB8D52DBBB776F5AB366CD375958B9C95609C0B8179513E1A462424A6F4B4BCB165B2500E35E74EB080795D3B28072D05609C0B817632004838A0A28C956098080526240F9EEEB3D69FBFBAFA58F5B1F2BB4781EAF0915020A008C4A40E9DEB73B6D5EF148FA68E9FD3F69F15A2C132C041400287B40D9F9F15F8E092779DBF5F112C142400180F207942DAB9F1C30A0C432C142400180B20794CD2D8F0E185062996021A000808022A00080801257ED0C145062996021A00040D903CAB6757F1830A0C432C142400180B20794AF766F4A9B57361FDBBD93BD16CB040B010500CA1E50A27DFA8FF9C70494784DA8105000607402CA810369DB7B7F3CB67B277B2D960916020A009435A0C44CB15BD7BD30E0189458663659010500CA13500E1C487BB6AD4AFF5CFEFB01C349DE629D58573545400180110B2827AA9AA8A608280050F680524AD5E478D5144143400180610F28271B4EF2266808280030EC01451350004040D10414001050041400105034010580D2A4947EB669D3A6C6D75F7F7DCDDCB973BF993163C6C12953A6A4891327A6BABABAC377DD7557EF430F3DB4FDC9279F5C90B55F09289A8072F26A6B6B7F5E5353332DDBBF16666D5BD6BA635FCBDAFEAC7D9A2D5B9C3DCE8AF51C9D80711B4C162D5A347FF6ECD90767CE9C995E7EF9E5B461C386B47BF7EEB47FFFFE14E2B1ABAB2B7DF0C107290B30E99E7BEE397CEFBDF7EE686868982AA068024AE96EBDF5D6DF66AD256BBD470249296D75B67E9DA315306E6441A4FEF1C71F3F70FFFDF717C2C7A1438752A9366EDC981E7CF0C1438D8D8D5B6EBEF9E65F0A289A8032B02C649C9F858CE5830825FDB58EB1B4AF01F4573539F59D77DE5975E79D77A6254B960C2A98F4B57CF9F2545F5FDF3356AA29028A8032DC6A6A6A264E9A34E97FC561A3B6B6363DF1C41369D5AA55E9F3CF3F4FDF7EFB6D617FFAFEFBEF0BD5CB75EBD6A579F3E6A5DB6EBBAD6F48E9564D01C66C38696F6FFFFBF4E9D3D3D6AD5BD370D8B16347CAC24ECFD4A9537F27A06802CA4FC2C97559A038541C4C162C5850E8322DC5BE7DFB0AEBC7F7150795EC3DA73A9A01634A544E229C947A802C55BC5F434343D59FDD092802CA70564E8AC349535353A15A7232E2FBA22BB64F48514901C686187312DD3AC35539E9AF9272FBEDB7EFCB0E9C170828DA780E2831E6A4B85BA7B9B9F96837CEC98AEE9F3973E6F4EDEEB9C0910DA86A71B5CE638F3DD61B634E46D2D2A54B7B6A6B6BD70B28DA780E285938692DAE9C0C359C1487943E95940E4737A0AA2D5EBCF84F7160FBE1871FD248BBFBEEBB3BABB5FC2CA0082843159712178F3939D96E9DE375F7148F49D1D5035475F524E639894B89CBE1A38F3EEAADD62A8A8022A00C434069C9C3430C701D096FBEF9A62A0A50FD6286D818183B94CB8907ABBEBEBE33FAE12BE943236BBF1150049491DC8662E6D77C606C5439BEFAEAAB11D9BFE2EA9E3E97209FEF4807549D98BEFE95575E49E5346FDEBC8D315577A5FC0D8ACAE12D353535BF1650049491D8868E4C5F5F58EFA9A79E1AE97DAC38A0CC72A403AA4EDC5B27A6AF2FA7F7DE7B6F4776D05C52691F2E456D597F67C3028A8032946DE8C8BD750ACBDBDBDB47741F8BC9DC8A7E97258E7440D5891BFFEDD9B3A7AC01A5B3B3B32B3B68EEACE00F97A367C3C51F32028A8032946DE8C88DFF0AAF0FF7E0D8BE62C6D9A2DF63A7231D5075E2AEC4F98DFFCA257E5EDC99B5D23F5C8ACF86A36C2FA0082843D986B2D6937F3D5C97161FEF92E3A29FBDDF910EA83A71001B0D43BC31DAA83401A5B25A356E43792BF73EE64807549DC993271F2E7705A5A7A7A7B34A2A28EFC7FD52264C98706AAC37DA01E585175E48679E79668A41CDFD2DBFE1861B525D5D5DEAEEEE8E0FA4C265AC5F7CF145E1F9C2850B8FAED7D6D6962EBCF0C2F4D65B6F0DF8B3AEBCF2CAF4EAABAFA68E8E8E74D96597A5BD7BF71EB34EBCEFCC99330BEBC615292A28C7DF86627657151480124D9F3EBDB7DC6350B20FCD7F55F818949F04935CB903CA4B2FBD540801276AB1DE60024A04D2C6C6C674FAE9A7F7FB5EB7DC72CBD180B26BD7AE74D65967C56D0AFA0D282FBEF862BAE8A28BD2CA952B0594136C43C6A0000CC2238F3CB2ADDC57F1AC58B1E26F157A15CFFA98E9B36F3019ED8012158F6871AF95F83A1EF3D7F2501181220F19CF3DF7DC3101E58D37DE28048FF9F3E71F7DFF3CC8F47DAFE28012EBC5F7440089EACD4021E99A6BAE11504EB00DB98A0760109E7EFAE957CA3D0F4A7373F3D20A9B07A5DF8AC968079468F1C17FBCEA491E0C56AF5E9D2EB9E49274C51557A4CD9B371F5D1E61231ECF39E79C74C61967A4B8DF52CCC171EDB5D7A66DDBB61D0D347918EA1B50F2E01337928CA012AFE52DDE2F5F4F05E5C4DB9079500006E1E1871FFEC5B469D37E2CE34CB2FB274D9AF49F6A9CDD72B4024A848918E3116346222CC4637C1DAF17572EF22E9EBC6A3275EAD4B468D1A2C2F3B3CF3EBB106262BD9D3B77A6ABAEBAAAD0ED73A28012FFE6082211508AC3523C8FAE9FF819AEE2294DCC249B6DF707CB31936CB61D1C36932C50F59A9A9AFE5DAE7BF1AC58B16241B5DE1FA4922B281126CE3BEFBCA321E3943E5D3CC55D3B7DBB781E78E08101034AAC175D3B1150A21BE8D24B2F4D175F7C71E1F9840913521636059441702F1E8041B8E38E3B6EBEEFBEFB0E96A18AB22FFB40FBD0DD8C071750AEBFFEFA4298C8AB21F1185FC7EB7940B9FAEAAB0B958ECB2FBF3C7DF2C927FD0E929D366D5A9A356B5661FD18F4FAECB3CF169645C8880073BC8012EF3F7BF6ECC2B2A8D4E4159BA8C4C4F896984F47402929A08CF8DD8CB3FFCFC3EE660C8C198D8D8D9B627CC2488AF12E714677A2B11E02CAE02B287119F089AEE2892012DD427115CF69A79D56E8DAE9ECEC2C74FFC4F895F5EBD71742497F0125DE232E378E0A4AFEB3A3AA12A128C653448011504A93ED03ABF300D1D4D4346C971CC7A5C5D989C6A1E2EA49B5EE6B00C507CDF3EBEBEB7BB66EDD3A22E164D3A64DEF643F634F76467741B5FE8D2A7D0C4A7C5D1C50A2E2111593538E5CC513A123C2C7E2C58B0BAFC51C27D14D131F66D9FF7D3AF7DC730B8125DE2B2E1DCE034A84900826D162B06DBC47849F7C0C4BBC16D51901A5F47D2D6B7BF320D1DCDC3CE49012E164CE9C39C5E34EBAAB795F03F889ECC3ADB6B1B1F1FBAEAEAE610D27BB76ED7A373B7BFFACDACBCDA31150A21BE7C61B6F2C3C8F0A57CC5D128FF175BC1ECBF370126161C68C1969D9B26585E7512589794A8A2F0F8E2BB622784457508C2389EF8F4195D1A2BB26BF44390F421176E2BDA31213836B8B7FB7A8C444E88980B271E3460165106A6A6A26E60366F34ACAC976F7C4F7F5A99CE8DA01C69EDADADAFA868686EEE1AAA444E524C24976407EB0DAFF36953CD57D5443A2A2119595356BD614BA5C622C4A2C8BC7A8A094F2FBC799780498E3CD32EB5E3CC3564999521C52624C4A54A6222C967AB54E0C882D1E73126D2CEC6B00039EDDD5D5D57DF3F6DB6F7F378481B3FB9E79E699D7A25B270EC463E1EFE25E3C02CA48EC6B59DB571C3022A8C4B89E98CC2DAA2379F74F84C798213626617BFEF9E7D3E4C9937FEC337B6DF758D9D7008E7776777E7666D6D6D8D8D8F9E1871FF60C669E93952B57BE99059CF76390DE58EA071750049491DAD78A2F3F3EC9D661CC0930DE82CA4D1154A64C99D23577EEDC8FDF7DF7DDCFB2B3B83DF90D06E3C67F716F9DD6D6D6BF3EFAE8A3CBB2B3BFED71B08C33B9B17605818022A08CF4BE7624A81C1C4C30198BFB1A40C96216CCECE039F3C8FD443E8D3BA4E6774A8D9B91C5FD3E624AEDB13C6BA58022A0D8D7001050B47119500040401150004040D1041400105004140010503401050004140105000414C140400100014513500040401150004040D10414001050041400105034010500041401050004144D400100014513500040401150004040D10414001050041400105034010500041401050004144D400180326A6B6B130C2AA7EDCF02CA415B2500E3DEDAB56BF7747575090715D076EFDEFDE72CA06CB1550230EEAD5AB5EA86F6F6F6AFBFFCF2CB1E2161F42A27114E5A5B5B3FCBDA4DB64A00C8641F8AD76567EEEF47F7428C81D0CADEE2EFBE4538010000000000000000000000000000000000006044FD1FD2857354C0510D700000000049454E44AE426082, '1');
INSERT INTO `act_ge_bytearray` VALUES ('55087', '1', 'source', null, 0x7B22626F756E6473223A7B226C6F7765725269676874223A7B2278223A313438352E302C2279223A3730302E307D2C2275707065724C656674223A7B2278223A302E302C2279223A302E307D7D2C227265736F757263654964223A2263616E766173222C227374656E63696C223A7B226964223A2242504D4E4469616772616D227D2C227374656E63696C736574223A7B226E616D657370616365223A22687474703A2F2F62336D6E2E6F72672F7374656E63696C7365742F62706D6E322E3023222C2275726C223A222E2E2F656469746F722F7374656E63696C736574732F62706D6E322E302F62706D6E322E302E6A736F6E227D2C2270726F70657274696573223A7B2270726F636573735F6964223A2270726F63657373222C2270726F636573735F6E616D657370616365223A22687474703A2F2F7777772E61637469766974692E6F72672F70726F63657373646566222C226D65737361676573223A5B5D2C22657865637574696F6E6C697374656E657273223A7B22657865637574696F6E4C697374656E657273223A5B5D7D2C226576656E746C697374656E657273223A7B226576656E744C697374656E657273223A5B5D7D2C227369676E616C646566696E6974696F6E73223A5B5D2C226D657373616765646566696E6974696F6E73223A5B5D7D2C226368696C64536861706573223A5B7B22626F756E6473223A7B226C6F7765725269676874223A7B2278223A3332342E302C2279223A3139372E307D2C2275707065724C656674223A7B2278223A3239342E302C2279223A3136372E307D7D2C227265736F757263654964223A227369642D30433044443833362D383130392D343238342D424243322D393337323842303741314437222C226368696C64536861706573223A5B5D2C227374656E63696C223A7B226964223A2253746172744E6F6E654576656E74227D2C2270726F70657274696573223A7B226F766572726964656964223A227369642D30433044443833362D383130392D343238342D424243322D393337323842303741314437227D2C226F7574676F696E67223A5B7B227265736F757263654964223A227369642D46433241314336332D453643342D344246392D393534422D373638313937364144414646227D5D7D2C7B22626F756E6473223A7B226C6F7765725269676874223A7B2278223A3436392E302C2279223A3232322E307D2C2275707065724C656674223A7B2278223A3336392E302C2279223A3134322E307D7D2C227265736F757263654964223A227369642D33424533393533422D464430452D344633332D393438362D314637363834454132354435222C226368696C64536861706573223A5B5D2C227374656E63696C223A7B226964223A22557365725461736B227D2C2270726F70657274696573223A7B226F766572726964656964223A227369642D33424533393533422D464430452D344633332D393438362D314637363834454132354435222C226E616D65223A22E5AEA1E689B9E6B58BE8AF95222C226173796E6368726F6E6F7573646566696E6974696F6E223A66616C73652C226578636C7573697665646566696E6974696F6E223A747275652C227461736B6C697374656E657273223A7B227461736B4C697374656E657273223A5B5D7D2C22657865637574696F6E6C697374656E657273223A7B22657865637574696F6E4C697374656E657273223A5B5D7D7D2C226F7574676F696E67223A5B7B227265736F757263654964223A227369642D35344333333632382D433330382D343041442D383530352D363039414532353833373836227D5D7D2C7B22626F756E6473223A7B226C6F7765725269676874223A7B2278223A3137322E302C2279223A3231322E307D2C2275707065724C656674223A7B2278223A3132382E302C2279223A3231322E307D7D2C227265736F757263654964223A227369642D46433241314336332D453643342D344246392D393534422D373638313937364144414646222C226368696C64536861706573223A5B5D2C227374656E63696C223A7B226964223A2253657175656E6365466C6F77227D2C22646F636B657273223A5B7B2278223A31352E302C2279223A31352E307D2C7B2278223A35302E302C2279223A34302E307D5D2C226F7574676F696E67223A5B7B227265736F757263654964223A227369642D33424533393533422D464430452D344633332D393438362D314637363834454132354435227D5D2C22746172676574223A7B227265736F757263654964223A227369642D33424533393533422D464430452D344633332D393438362D314637363834454132354435227D2C2270726F70657274696573223A7B226F766572726964656964223A227369642D46433241314336332D453643342D344246392D393534422D373638313937364144414646227D7D2C7B22626F756E6473223A7B226C6F7765725269676874223A7B2278223A3534322E302C2279223A3139362E307D2C2275707065724C656674223A7B2278223A3531342E302C2279223A3136382E307D7D2C227265736F757263654964223A227369642D35423535454339302D373932302D344538462D393844312D373331463741333432334130222C226368696C64536861706573223A5B5D2C227374656E63696C223A7B226964223A22456E644E6F6E654576656E74227D2C2270726F70657274696573223A7B226F766572726964656964223A227369642D35423535454339302D373932302D344538462D393844312D373331463741333432334130227D2C226F7574676F696E67223A5B5D7D2C7B22626F756E6473223A7B226C6F7765725269676874223A7B2278223A3137322E302C2279223A3231322E307D2C2275707065724C656674223A7B2278223A3132382E302C2279223A3231322E307D7D2C227265736F757263654964223A227369642D35344333333632382D433330382D343041442D383530352D363039414532353833373836222C226368696C64536861706573223A5B5D2C227374656E63696C223A7B226964223A2253657175656E6365466C6F77227D2C22646F636B657273223A5B7B2278223A35302E302C2279223A34302E307D2C7B2278223A31342E302C2279223A31342E307D5D2C226F7574676F696E67223A5B7B227265736F757263654964223A227369642D35423535454339302D373932302D344538462D393844312D373331463741333432334130227D5D2C22746172676574223A7B227265736F757263654964223A227369642D35423535454339302D373932302D344538462D393844312D373331463741333432334130227D2C2270726F70657274696573223A7B226F766572726964656964223A227369642D35344333333632382D433330382D343041442D383530352D363039414532353833373836227D7D5D7D, null);

-- ----------------------------
-- Table structure for act_ge_property
-- ----------------------------
DROP TABLE IF EXISTS `act_ge_property`;
CREATE TABLE `act_ge_property` (
  `NAME_` varchar(64) COLLATE utf8_bin NOT NULL DEFAULT '',
  `VALUE_` varchar(300) COLLATE utf8_bin DEFAULT NULL,
  `REV_` int(11) DEFAULT NULL,
  PRIMARY KEY (`NAME_`)
) ENGINE=InnoDB DEFAULT CHARSET=utf8 COLLATE=utf8_bin;

-- ----------------------------
-- Records of act_ge_property
-- ----------------------------
INSERT INTO `act_ge_property` VALUES ('next.dbid', '57501', '24');
INSERT INTO `act_ge_property` VALUES ('schema.history', 'create(5.22.0.0)', '1');
INSERT INTO `act_ge_property` VALUES ('schema.version', '5.22.0.0', '1');

-- ----------------------------
-- Table structure for act_hi_actinst
-- ----------------------------
DROP TABLE IF EXISTS `act_hi_actinst`;
CREATE TABLE `act_hi_actinst` (
  `ID_` varchar(64) COLLATE utf8_bin NOT NULL,
  `PROC_DEF_ID_` varchar(64) COLLATE utf8_bin NOT NULL,
  `PROC_INST_ID_` varchar(64) COLLATE utf8_bin NOT NULL,
  `EXECUTION_ID_` varchar(64) COLLATE utf8_bin NOT NULL,
  `ACT_ID_` varchar(255) COLLATE utf8_bin NOT NULL,
  `TASK_ID_` varchar(64) COLLATE utf8_bin DEFAULT NULL,
  `CALL_PROC_INST_ID_` varchar(64) COLLATE utf8_bin DEFAULT NULL,
  `ACT_NAME_` varchar(255) COLLATE utf8_bin DEFAULT NULL,
  `ACT_TYPE_` varchar(255) COLLATE utf8_bin NOT NULL,
  `ASSIGNEE_` varchar(255) COLLATE utf8_bin DEFAULT NULL,
  `START_TIME_` datetime(3) NOT NULL,
  `END_TIME_` datetime(3) DEFAULT NULL,
  `DURATION_` bigint(20) DEFAULT NULL,
  `TENANT_ID_` varchar(255) COLLATE utf8_bin DEFAULT '',
  PRIMARY KEY (`ID_`),
  KEY `ACT_IDX_HI_ACT_INST_START` (`START_TIME_`),
  KEY `ACT_IDX_HI_ACT_INST_END` (`END_TIME_`),
  KEY `ACT_IDX_HI_ACT_INST_PROCINST` (`PROC_INST_ID_`,`ACT_ID_`),
  KEY `ACT_IDX_HI_ACT_INST_EXEC` (`EXECUTION_ID_`,`ACT_ID_`)
) ENGINE=InnoDB DEFAULT CHARSET=utf8 COLLATE=utf8_bin;

-- ----------------------------
-- Records of act_hi_actinst
-- ----------------------------

-- ----------------------------
-- Table structure for act_hi_attachment
-- ----------------------------
DROP TABLE IF EXISTS `act_hi_attachment`;
CREATE TABLE `act_hi_attachment` (
  `ID_` varchar(64) COLLATE utf8_bin NOT NULL,
  `REV_` int(11) DEFAULT NULL,
  `USER_ID_` varchar(255) COLLATE utf8_bin DEFAULT NULL,
  `NAME_` varchar(255) COLLATE utf8_bin DEFAULT NULL,
  `DESCRIPTION_` varchar(4000) COLLATE utf8_bin DEFAULT NULL,
  `TYPE_` varchar(255) COLLATE utf8_bin DEFAULT NULL,
  `TASK_ID_` varchar(64) COLLATE utf8_bin DEFAULT NULL,
  `PROC_INST_ID_` varchar(64) COLLATE utf8_bin DEFAULT NULL,
  `URL_` varchar(4000) COLLATE utf8_bin DEFAULT NULL,
  `CONTENT_ID_` varchar(64) COLLATE utf8_bin DEFAULT NULL,
  `TIME_` datetime(3) DEFAULT NULL,
  PRIMARY KEY (`ID_`)
) ENGINE=InnoDB DEFAULT CHARSET=utf8 COLLATE=utf8_bin;

-- ----------------------------
-- Records of act_hi_attachment
-- ----------------------------

-- ----------------------------
-- Table structure for act_hi_comment
-- ----------------------------
DROP TABLE IF EXISTS `act_hi_comment`;
CREATE TABLE `act_hi_comment` (
  `ID_` varchar(64) COLLATE utf8_bin NOT NULL,
  `TYPE_` varchar(255) COLLATE utf8_bin DEFAULT NULL,
  `TIME_` datetime(3) NOT NULL,
  `USER_ID_` varchar(255) COLLATE utf8_bin DEFAULT NULL,
  `TASK_ID_` varchar(64) COLLATE utf8_bin DEFAULT NULL,
  `PROC_INST_ID_` varchar(64) COLLATE utf8_bin DEFAULT NULL,
  `ACTION_` varchar(255) COLLATE utf8_bin DEFAULT NULL,
  `MESSAGE_` varchar(4000) COLLATE utf8_bin DEFAULT NULL,
  `FULL_MSG_` longblob,
  PRIMARY KEY (`ID_`)
) ENGINE=InnoDB DEFAULT CHARSET=utf8 COLLATE=utf8_bin;

-- ----------------------------
-- Records of act_hi_comment
-- ----------------------------

-- ----------------------------
-- Table structure for act_hi_detail
-- ----------------------------
DROP TABLE IF EXISTS `act_hi_detail`;
CREATE TABLE `act_hi_detail` (
  `ID_` varchar(64) COLLATE utf8_bin NOT NULL,
  `TYPE_` varchar(255) COLLATE utf8_bin NOT NULL,
  `PROC_INST_ID_` varchar(64) COLLATE utf8_bin DEFAULT NULL,
  `EXECUTION_ID_` varchar(64) COLLATE utf8_bin DEFAULT NULL,
  `TASK_ID_` varchar(64) COLLATE utf8_bin DEFAULT NULL,
  `ACT_INST_ID_` varchar(64) COLLATE utf8_bin DEFAULT NULL,
  `NAME_` varchar(255) COLLATE utf8_bin NOT NULL,
  `VAR_TYPE_` varchar(255) COLLATE utf8_bin DEFAULT NULL,
  `REV_` int(11) DEFAULT NULL,
  `TIME_` datetime(3) NOT NULL,
  `BYTEARRAY_ID_` varchar(64) COLLATE utf8_bin DEFAULT NULL,
  `DOUBLE_` double DEFAULT NULL,
  `LONG_` bigint(20) DEFAULT NULL,
  `TEXT_` varchar(4000) COLLATE utf8_bin DEFAULT NULL,
  `TEXT2_` varchar(4000) COLLATE utf8_bin DEFAULT NULL,
  PRIMARY KEY (`ID_`),
  KEY `ACT_IDX_HI_DETAIL_PROC_INST` (`PROC_INST_ID_`),
  KEY `ACT_IDX_HI_DETAIL_ACT_INST` (`ACT_INST_ID_`),
  KEY `ACT_IDX_HI_DETAIL_TIME` (`TIME_`),
  KEY `ACT_IDX_HI_DETAIL_NAME` (`NAME_`),
  KEY `ACT_IDX_HI_DETAIL_TASK_ID` (`TASK_ID_`)
) ENGINE=InnoDB DEFAULT CHARSET=utf8 COLLATE=utf8_bin;

-- ----------------------------
-- Records of act_hi_detail
-- ----------------------------

-- ----------------------------
-- Table structure for act_hi_identitylink
-- ----------------------------
DROP TABLE IF EXISTS `act_hi_identitylink`;
CREATE TABLE `act_hi_identitylink` (
  `ID_` varchar(64) COLLATE utf8_bin NOT NULL DEFAULT '',
  `GROUP_ID_` varchar(255) COLLATE utf8_bin DEFAULT NULL,
  `TYPE_` varchar(255) COLLATE utf8_bin DEFAULT NULL,
  `USER_ID_` varchar(255) COLLATE utf8_bin DEFAULT NULL,
  `TASK_ID_` varchar(64) COLLATE utf8_bin DEFAULT NULL,
  `PROC_INST_ID_` varchar(64) COLLATE utf8_bin DEFAULT NULL,
  PRIMARY KEY (`ID_`),
  KEY `ACT_IDX_HI_IDENT_LNK_USER` (`USER_ID_`),
  KEY `ACT_IDX_HI_IDENT_LNK_TASK` (`TASK_ID_`),
  KEY `ACT_IDX_HI_IDENT_LNK_PROCINST` (`PROC_INST_ID_`)
) ENGINE=InnoDB DEFAULT CHARSET=utf8 COLLATE=utf8_bin;

-- ----------------------------
-- Records of act_hi_identitylink
-- ----------------------------

-- ----------------------------
-- Table structure for act_hi_procinst
-- ----------------------------
DROP TABLE IF EXISTS `act_hi_procinst`;
CREATE TABLE `act_hi_procinst` (
  `ID_` varchar(64) COLLATE utf8_bin NOT NULL,
  `PROC_INST_ID_` varchar(64) COLLATE utf8_bin NOT NULL,
  `BUSINESS_KEY_` varchar(255) COLLATE utf8_bin DEFAULT NULL,
  `PROC_DEF_ID_` varchar(64) COLLATE utf8_bin NOT NULL,
  `START_TIME_` datetime(3) NOT NULL,
  `END_TIME_` datetime(3) DEFAULT NULL,
  `DURATION_` bigint(20) DEFAULT NULL,
  `START_USER_ID_` varchar(255) COLLATE utf8_bin DEFAULT NULL,
  `START_ACT_ID_` varchar(255) COLLATE utf8_bin DEFAULT NULL,
  `END_ACT_ID_` varchar(255) COLLATE utf8_bin DEFAULT NULL,
  `SUPER_PROCESS_INSTANCE_ID_` varchar(64) COLLATE utf8_bin DEFAULT NULL,
  `DELETE_REASON_` varchar(4000) COLLATE utf8_bin DEFAULT NULL,
  `TENANT_ID_` varchar(255) COLLATE utf8_bin DEFAULT '',
  `NAME_` varchar(255) COLLATE utf8_bin DEFAULT NULL,
  PRIMARY KEY (`ID_`),
  UNIQUE KEY `PROC_INST_ID_` (`PROC_INST_ID_`),
  KEY `ACT_IDX_HI_PRO_INST_END` (`END_TIME_`),
  KEY `ACT_IDX_HI_PRO_I_BUSKEY` (`BUSINESS_KEY_`)
) ENGINE=InnoDB DEFAULT CHARSET=utf8 COLLATE=utf8_bin;

-- ----------------------------
-- Records of act_hi_procinst
-- ----------------------------

-- ----------------------------
-- Table structure for act_hi_taskinst
-- ----------------------------
DROP TABLE IF EXISTS `act_hi_taskinst`;
CREATE TABLE `act_hi_taskinst` (
  `ID_` varchar(64) COLLATE utf8_bin NOT NULL,
  `PROC_DEF_ID_` varchar(64) COLLATE utf8_bin DEFAULT NULL,
  `TASK_DEF_KEY_` varchar(255) COLLATE utf8_bin DEFAULT NULL,
  `PROC_INST_ID_` varchar(64) COLLATE utf8_bin DEFAULT NULL,
  `EXECUTION_ID_` varchar(64) COLLATE utf8_bin DEFAULT NULL,
  `NAME_` varchar(255) COLLATE utf8_bin DEFAULT NULL,
  `PARENT_TASK_ID_` varchar(64) COLLATE utf8_bin DEFAULT NULL,
  `DESCRIPTION_` varchar(4000) COLLATE utf8_bin DEFAULT NULL,
  `OWNER_` varchar(255) COLLATE utf8_bin DEFAULT NULL,
  `ASSIGNEE_` varchar(255) COLLATE utf8_bin DEFAULT NULL,
  `START_TIME_` datetime(3) NOT NULL,
  `CLAIM_TIME_` datetime(3) DEFAULT NULL,
  `END_TIME_` datetime(3) DEFAULT NULL,
  `DURATION_` bigint(20) DEFAULT NULL,
  `DELETE_REASON_` varchar(4000) COLLATE utf8_bin DEFAULT NULL,
  `PRIORITY_` int(11) DEFAULT NULL,
  `DUE_DATE_` datetime(3) DEFAULT NULL,
  `FORM_KEY_` varchar(255) COLLATE utf8_bin DEFAULT NULL,
  `CATEGORY_` varchar(255) COLLATE utf8_bin DEFAULT NULL,
  `TENANT_ID_` varchar(255) COLLATE utf8_bin DEFAULT '',
  PRIMARY KEY (`ID_`),
  KEY `ACT_IDX_HI_TASK_INST_PROCINST` (`PROC_INST_ID_`)
) ENGINE=InnoDB DEFAULT CHARSET=utf8 COLLATE=utf8_bin;

-- ----------------------------
-- Records of act_hi_taskinst
-- ----------------------------

-- ----------------------------
-- Table structure for act_hi_varinst
-- ----------------------------
DROP TABLE IF EXISTS `act_hi_varinst`;
CREATE TABLE `act_hi_varinst` (
  `ID_` varchar(64) COLLATE utf8_bin NOT NULL,
  `PROC_INST_ID_` varchar(64) COLLATE utf8_bin DEFAULT NULL,
  `EXECUTION_ID_` varchar(64) COLLATE utf8_bin DEFAULT NULL,
  `TASK_ID_` varchar(64) COLLATE utf8_bin DEFAULT NULL,
  `NAME_` varchar(255) COLLATE utf8_bin NOT NULL,
  `VAR_TYPE_` varchar(100) COLLATE utf8_bin DEFAULT NULL,
  `REV_` int(11) DEFAULT NULL,
  `BYTEARRAY_ID_` varchar(64) COLLATE utf8_bin DEFAULT NULL,
  `DOUBLE_` double DEFAULT NULL,
  `LONG_` bigint(20) DEFAULT NULL,
  `TEXT_` varchar(4000) COLLATE utf8_bin DEFAULT NULL,
  `TEXT2_` varchar(4000) COLLATE utf8_bin DEFAULT NULL,
  `CREATE_TIME_` datetime(3) DEFAULT NULL,
  `LAST_UPDATED_TIME_` datetime(3) DEFAULT NULL,
  PRIMARY KEY (`ID_`),
  KEY `ACT_IDX_HI_PROCVAR_PROC_INST` (`PROC_INST_ID_`),
  KEY `ACT_IDX_HI_PROCVAR_NAME_TYPE` (`NAME_`,`VAR_TYPE_`),
  KEY `ACT_IDX_HI_PROCVAR_TASK_ID` (`TASK_ID_`)
) ENGINE=InnoDB DEFAULT CHARSET=utf8 COLLATE=utf8_bin;

-- ----------------------------
-- Records of act_hi_varinst
-- ----------------------------

-- ----------------------------
-- Table structure for act_procdef_info
-- ----------------------------
DROP TABLE IF EXISTS `act_procdef_info`;
CREATE TABLE `act_procdef_info` (
  `ID_` varchar(64) COLLATE utf8_bin NOT NULL,
  `PROC_DEF_ID_` varchar(64) COLLATE utf8_bin NOT NULL,
  `REV_` int(11) DEFAULT NULL,
  `INFO_JSON_ID_` varchar(64) COLLATE utf8_bin DEFAULT NULL,
  PRIMARY KEY (`ID_`),
  UNIQUE KEY `ACT_UNIQ_INFO_PROCDEF` (`PROC_DEF_ID_`),
  KEY `ACT_IDX_INFO_PROCDEF` (`PROC_DEF_ID_`),
  KEY `ACT_FK_INFO_JSON_BA` (`INFO_JSON_ID_`),
  CONSTRAINT `ACT_FK_INFO_JSON_BA` FOREIGN KEY (`INFO_JSON_ID_`) REFERENCES `act_ge_bytearray` (`ID_`),
  CONSTRAINT `ACT_FK_INFO_PROCDEF` FOREIGN KEY (`PROC_DEF_ID_`) REFERENCES `act_re_procdef` (`ID_`)
) ENGINE=InnoDB DEFAULT CHARSET=utf8 COLLATE=utf8_bin;

-- ----------------------------
-- Records of act_procdef_info
-- ----------------------------

-- ----------------------------
-- Table structure for act_re_deployment
-- ----------------------------
DROP TABLE IF EXISTS `act_re_deployment`;
CREATE TABLE `act_re_deployment` (
  `ID_` varchar(64) COLLATE utf8_bin NOT NULL DEFAULT '',
  `NAME_` varchar(255) COLLATE utf8_bin DEFAULT NULL,
  `CATEGORY_` varchar(255) COLLATE utf8_bin DEFAULT NULL,
  `TENANT_ID_` varchar(255) COLLATE utf8_bin DEFAULT '',
  `DEPLOY_TIME_` timestamp(3) NULL DEFAULT NULL,
  PRIMARY KEY (`ID_`)
) ENGINE=InnoDB DEFAULT CHARSET=utf8 COLLATE=utf8_bin;

-- ----------------------------
-- Records of act_re_deployment
-- ----------------------------
INSERT INTO `act_re_deployment` VALUES ('47504', 'test', null, '', '2018-11-20 11:51:49.644');

-- ----------------------------
-- Table structure for act_re_model
-- ----------------------------
DROP TABLE IF EXISTS `act_re_model`;
CREATE TABLE `act_re_model` (
  `ID_` varchar(64) COLLATE utf8_bin NOT NULL,
  `REV_` int(11) DEFAULT NULL,
  `NAME_` varchar(255) COLLATE utf8_bin DEFAULT NULL,
  `KEY_` varchar(255) COLLATE utf8_bin DEFAULT NULL,
  `CATEGORY_` varchar(255) COLLATE utf8_bin DEFAULT NULL,
  `CREATE_TIME_` timestamp(3) NULL DEFAULT NULL,
  `LAST_UPDATE_TIME_` timestamp(3) NULL DEFAULT NULL,
  `VERSION_` int(11) DEFAULT NULL,
  `META_INFO_` varchar(4000) COLLATE utf8_bin DEFAULT NULL,
  `DEPLOYMENT_ID_` varchar(64) COLLATE utf8_bin DEFAULT NULL,
  `EDITOR_SOURCE_VALUE_ID_` varchar(64) COLLATE utf8_bin DEFAULT NULL,
  `EDITOR_SOURCE_EXTRA_VALUE_ID_` varchar(64) COLLATE utf8_bin DEFAULT NULL,
  `TENANT_ID_` varchar(255) COLLATE utf8_bin DEFAULT '',
  PRIMARY KEY (`ID_`),
  KEY `ACT_FK_MODEL_SOURCE` (`EDITOR_SOURCE_VALUE_ID_`),
  KEY `ACT_FK_MODEL_SOURCE_EXTRA` (`EDITOR_SOURCE_EXTRA_VALUE_ID_`),
  KEY `ACT_FK_MODEL_DEPLOYMENT` (`DEPLOYMENT_ID_`),
  CONSTRAINT `ACT_FK_MODEL_DEPLOYMENT` FOREIGN KEY (`DEPLOYMENT_ID_`) REFERENCES `act_re_deployment` (`ID_`),
  CONSTRAINT `ACT_FK_MODEL_SOURCE` FOREIGN KEY (`EDITOR_SOURCE_VALUE_ID_`) REFERENCES `act_ge_bytearray` (`ID_`),
  CONSTRAINT `ACT_FK_MODEL_SOURCE_EXTRA` FOREIGN KEY (`EDITOR_SOURCE_EXTRA_VALUE_ID_`) REFERENCES `act_ge_bytearray` (`ID_`)
) ENGINE=InnoDB DEFAULT CHARSET=utf8 COLLATE=utf8_bin;

-- ----------------------------
-- Records of act_re_model
-- ----------------------------
INSERT INTO `act_re_model` VALUES ('55086', '2', 'test.bpmn20.xml', 'process', null, '2018-11-20 20:10:55.213', '2018-11-20 20:10:55.294', '1', '{\"name\":\"test\",\"revision\":1,\"description\":\"remark\"}', null, '55087', null, '');

-- ----------------------------
-- Table structure for act_re_procdef
-- ----------------------------
DROP TABLE IF EXISTS `act_re_procdef`;
CREATE TABLE `act_re_procdef` (
  `ID_` varchar(64) COLLATE utf8_bin NOT NULL,
  `REV_` int(11) DEFAULT NULL,
  `CATEGORY_` varchar(255) COLLATE utf8_bin DEFAULT NULL,
  `NAME_` varchar(255) COLLATE utf8_bin DEFAULT NULL,
  `KEY_` varchar(255) COLLATE utf8_bin NOT NULL,
  `VERSION_` int(11) NOT NULL,
  `DEPLOYMENT_ID_` varchar(64) COLLATE utf8_bin DEFAULT NULL,
  `RESOURCE_NAME_` varchar(4000) COLLATE utf8_bin DEFAULT NULL,
  `DGRM_RESOURCE_NAME_` varchar(4000) COLLATE utf8_bin DEFAULT NULL,
  `DESCRIPTION_` varchar(4000) COLLATE utf8_bin DEFAULT NULL,
  `HAS_START_FORM_KEY_` tinyint(4) DEFAULT NULL,
  `HAS_GRAPHICAL_NOTATION_` tinyint(4) DEFAULT NULL,
  `SUSPENSION_STATE_` int(11) DEFAULT NULL,
  `TENANT_ID_` varchar(255) COLLATE utf8_bin DEFAULT '',
  PRIMARY KEY (`ID_`),
  UNIQUE KEY `ACT_UNIQ_PROCDEF` (`KEY_`,`VERSION_`,`TENANT_ID_`)
) ENGINE=InnoDB DEFAULT CHARSET=utf8 COLLATE=utf8_bin;

-- ----------------------------
-- Records of act_re_procdef
-- ----------------------------
INSERT INTO `act_re_procdef` VALUES ('process:1:47507', '4', '1', null, 'process', '1', '47504', 'test.bpmn20.xml', 'test.process.png', null, '0', '1', '1', '');

-- ----------------------------
-- Table structure for act_ru_event_subscr
-- ----------------------------
DROP TABLE IF EXISTS `act_ru_event_subscr`;
CREATE TABLE `act_ru_event_subscr` (
  `ID_` varchar(64) COLLATE utf8_bin NOT NULL,
  `REV_` int(11) DEFAULT NULL,
  `EVENT_TYPE_` varchar(255) COLLATE utf8_bin NOT NULL,
  `EVENT_NAME_` varchar(255) COLLATE utf8_bin DEFAULT NULL,
  `EXECUTION_ID_` varchar(64) COLLATE utf8_bin DEFAULT NULL,
  `PROC_INST_ID_` varchar(64) COLLATE utf8_bin DEFAULT NULL,
  `ACTIVITY_ID_` varchar(64) COLLATE utf8_bin DEFAULT NULL,
  `CONFIGURATION_` varchar(255) COLLATE utf8_bin DEFAULT NULL,
  `CREATED_` timestamp(3) NOT NULL DEFAULT CURRENT_TIMESTAMP(3),
  `PROC_DEF_ID_` varchar(64) COLLATE utf8_bin DEFAULT NULL,
  `TENANT_ID_` varchar(255) COLLATE utf8_bin DEFAULT '',
  PRIMARY KEY (`ID_`),
  KEY `ACT_IDX_EVENT_SUBSCR_CONFIG_` (`CONFIGURATION_`),
  KEY `ACT_FK_EVENT_EXEC` (`EXECUTION_ID_`),
  CONSTRAINT `ACT_FK_EVENT_EXEC` FOREIGN KEY (`EXECUTION_ID_`) REFERENCES `act_ru_execution` (`ID_`)
) ENGINE=InnoDB DEFAULT CHARSET=utf8 COLLATE=utf8_bin;

-- ----------------------------
-- Records of act_ru_event_subscr
-- ----------------------------

-- ----------------------------
-- Table structure for act_ru_execution
-- ----------------------------
DROP TABLE IF EXISTS `act_ru_execution`;
CREATE TABLE `act_ru_execution` (
  `ID_` varchar(64) COLLATE utf8_bin NOT NULL DEFAULT '',
  `REV_` int(11) DEFAULT NULL,
  `PROC_INST_ID_` varchar(64) COLLATE utf8_bin DEFAULT NULL,
  `BUSINESS_KEY_` varchar(255) COLLATE utf8_bin DEFAULT NULL,
  `PARENT_ID_` varchar(64) COLLATE utf8_bin DEFAULT NULL,
  `PROC_DEF_ID_` varchar(64) COLLATE utf8_bin DEFAULT NULL,
  `SUPER_EXEC_` varchar(64) COLLATE utf8_bin DEFAULT NULL,
  `ACT_ID_` varchar(255) COLLATE utf8_bin DEFAULT NULL,
  `IS_ACTIVE_` tinyint(4) DEFAULT NULL,
  `IS_CONCURRENT_` tinyint(4) DEFAULT NULL,
  `IS_SCOPE_` tinyint(4) DEFAULT NULL,
  `IS_EVENT_SCOPE_` tinyint(4) DEFAULT NULL,
  `SUSPENSION_STATE_` int(11) DEFAULT NULL,
  `CACHED_ENT_STATE_` int(11) DEFAULT NULL,
  `TENANT_ID_` varchar(255) COLLATE utf8_bin DEFAULT '',
  `NAME_` varchar(255) COLLATE utf8_bin DEFAULT NULL,
  `LOCK_TIME_` timestamp(3) NULL DEFAULT NULL,
  PRIMARY KEY (`ID_`),
  KEY `ACT_IDX_EXEC_BUSKEY` (`BUSINESS_KEY_`),
  KEY `ACT_FK_EXE_PROCINST` (`PROC_INST_ID_`),
  KEY `ACT_FK_EXE_PARENT` (`PARENT_ID_`),
  KEY `ACT_FK_EXE_SUPER` (`SUPER_EXEC_`),
  KEY `ACT_FK_EXE_PROCDEF` (`PROC_DEF_ID_`),
  CONSTRAINT `ACT_FK_EXE_PARENT` FOREIGN KEY (`PARENT_ID_`) REFERENCES `act_ru_execution` (`ID_`),
  CONSTRAINT `ACT_FK_EXE_PROCDEF` FOREIGN KEY (`PROC_DEF_ID_`) REFERENCES `act_re_procdef` (`ID_`),
  CONSTRAINT `ACT_FK_EXE_PROCINST` FOREIGN KEY (`PROC_INST_ID_`) REFERENCES `act_ru_execution` (`ID_`) ON DELETE CASCADE ON UPDATE CASCADE,
  CONSTRAINT `ACT_FK_EXE_SUPER` FOREIGN KEY (`SUPER_EXEC_`) REFERENCES `act_ru_execution` (`ID_`)
) ENGINE=InnoDB DEFAULT CHARSET=utf8 COLLATE=utf8_bin;

-- ----------------------------
-- Records of act_ru_execution
-- ----------------------------

-- ----------------------------
-- Table structure for act_ru_identitylink
-- ----------------------------
DROP TABLE IF EXISTS `act_ru_identitylink`;
CREATE TABLE `act_ru_identitylink` (
  `ID_` varchar(64) COLLATE utf8_bin NOT NULL DEFAULT '',
  `REV_` int(11) DEFAULT NULL,
  `GROUP_ID_` varchar(255) COLLATE utf8_bin DEFAULT NULL,
  `TYPE_` varchar(255) COLLATE utf8_bin DEFAULT NULL,
  `USER_ID_` varchar(255) COLLATE utf8_bin DEFAULT NULL,
  `TASK_ID_` varchar(64) COLLATE utf8_bin DEFAULT NULL,
  `PROC_INST_ID_` varchar(64) COLLATE utf8_bin DEFAULT NULL,
  `PROC_DEF_ID_` varchar(64) COLLATE utf8_bin DEFAULT NULL,
  PRIMARY KEY (`ID_`),
  KEY `ACT_IDX_IDENT_LNK_USER` (`USER_ID_`),
  KEY `ACT_IDX_IDENT_LNK_GROUP` (`GROUP_ID_`),
  KEY `ACT_IDX_ATHRZ_PROCEDEF` (`PROC_DEF_ID_`),
  KEY `ACT_FK_TSKASS_TASK` (`TASK_ID_`),
  KEY `ACT_FK_IDL_PROCINST` (`PROC_INST_ID_`),
  CONSTRAINT `ACT_FK_ATHRZ_PROCEDEF` FOREIGN KEY (`PROC_DEF_ID_`) REFERENCES `act_re_procdef` (`ID_`),
  CONSTRAINT `ACT_FK_IDL_PROCINST` FOREIGN KEY (`PROC_INST_ID_`) REFERENCES `act_ru_execution` (`ID_`),
  CONSTRAINT `ACT_FK_TSKASS_TASK` FOREIGN KEY (`TASK_ID_`) REFERENCES `act_ru_task` (`ID_`)
) ENGINE=InnoDB DEFAULT CHARSET=utf8 COLLATE=utf8_bin;

-- ----------------------------
-- Records of act_ru_identitylink
-- ----------------------------

-- ----------------------------
-- Table structure for act_ru_job
-- ----------------------------
DROP TABLE IF EXISTS `act_ru_job`;
CREATE TABLE `act_ru_job` (
  `ID_` varchar(64) COLLATE utf8_bin NOT NULL,
  `REV_` int(11) DEFAULT NULL,
  `TYPE_` varchar(255) COLLATE utf8_bin NOT NULL,
  `LOCK_EXP_TIME_` timestamp(3) NULL DEFAULT NULL,
  `LOCK_OWNER_` varchar(255) COLLATE utf8_bin DEFAULT NULL,
  `EXCLUSIVE_` tinyint(1) DEFAULT NULL,
  `EXECUTION_ID_` varchar(64) COLLATE utf8_bin DEFAULT NULL,
  `PROCESS_INSTANCE_ID_` varchar(64) COLLATE utf8_bin DEFAULT NULL,
  `PROC_DEF_ID_` varchar(64) COLLATE utf8_bin DEFAULT NULL,
  `RETRIES_` int(11) DEFAULT NULL,
  `EXCEPTION_STACK_ID_` varchar(64) COLLATE utf8_bin DEFAULT NULL,
  `EXCEPTION_MSG_` varchar(4000) COLLATE utf8_bin DEFAULT NULL,
  `DUEDATE_` timestamp(3) NULL DEFAULT NULL,
  `REPEAT_` varchar(255) COLLATE utf8_bin DEFAULT NULL,
  `HANDLER_TYPE_` varchar(255) COLLATE utf8_bin DEFAULT NULL,
  `HANDLER_CFG_` varchar(4000) COLLATE utf8_bin DEFAULT NULL,
  `TENANT_ID_` varchar(255) COLLATE utf8_bin DEFAULT '',
  PRIMARY KEY (`ID_`),
  KEY `ACT_FK_JOB_EXCEPTION` (`EXCEPTION_STACK_ID_`),
  CONSTRAINT `ACT_FK_JOB_EXCEPTION` FOREIGN KEY (`EXCEPTION_STACK_ID_`) REFERENCES `act_ge_bytearray` (`ID_`)
) ENGINE=InnoDB DEFAULT CHARSET=utf8 COLLATE=utf8_bin;

-- ----------------------------
-- Records of act_ru_job
-- ----------------------------
INSERT INTO `act_ru_job` VALUES ('42501', '7', 'timer', null, null, '1', null, null, 'process:2:30004', '0', '42502', 'Cannot set suspension state \'active\' for ProcessDefinitionEntity[process:2:30004]\': already in state \'active\'.', '2018-11-20 10:13:28.274', null, 'activate-processdefinition', '{\"includeProcessInstances\":true}', '');
INSERT INTO `act_ru_job` VALUES ('42503', '7', 'timer', null, null, '1', null, null, 'process:3:35006', '0', '42504', 'Cannot set suspension state \'active\' for ProcessDefinitionEntity[process:3:35006]\': already in state \'active\'.', '2018-11-20 10:15:05.408', null, 'activate-processdefinition', '{\"includeProcessInstances\":true}', '');

-- ----------------------------
-- Table structure for act_ru_task
-- ----------------------------
DROP TABLE IF EXISTS `act_ru_task`;
CREATE TABLE `act_ru_task` (
  `ID_` varchar(64) COLLATE utf8_bin NOT NULL DEFAULT '',
  `REV_` int(11) DEFAULT NULL,
  `EXECUTION_ID_` varchar(64) COLLATE utf8_bin DEFAULT NULL,
  `PROC_INST_ID_` varchar(64) COLLATE utf8_bin DEFAULT NULL,
  `PROC_DEF_ID_` varchar(64) COLLATE utf8_bin DEFAULT NULL,
  `NAME_` varchar(255) COLLATE utf8_bin DEFAULT NULL,
  `PARENT_TASK_ID_` varchar(64) COLLATE utf8_bin DEFAULT NULL,
  `DESCRIPTION_` varchar(4000) COLLATE utf8_bin DEFAULT NULL,
  `TASK_DEF_KEY_` varchar(255) COLLATE utf8_bin DEFAULT NULL,
  `OWNER_` varchar(255) COLLATE utf8_bin DEFAULT NULL,
  `ASSIGNEE_` varchar(255) COLLATE utf8_bin DEFAULT NULL,
  `DELEGATION_` varchar(64) COLLATE utf8_bin DEFAULT NULL,
  `PRIORITY_` int(11) DEFAULT NULL,
  `CREATE_TIME_` timestamp(3) NULL DEFAULT NULL,
  `DUE_DATE_` datetime(3) DEFAULT NULL,
  `CATEGORY_` varchar(255) COLLATE utf8_bin DEFAULT NULL,
  `SUSPENSION_STATE_` int(11) DEFAULT NULL,
  `TENANT_ID_` varchar(255) COLLATE utf8_bin DEFAULT '',
  `FORM_KEY_` varchar(255) COLLATE utf8_bin DEFAULT NULL,
  PRIMARY KEY (`ID_`),
  KEY `ACT_IDX_TASK_CREATE` (`CREATE_TIME_`),
  KEY `ACT_FK_TASK_EXE` (`EXECUTION_ID_`),
  KEY `ACT_FK_TASK_PROCINST` (`PROC_INST_ID_`),
  KEY `ACT_FK_TASK_PROCDEF` (`PROC_DEF_ID_`),
  CONSTRAINT `ACT_FK_TASK_EXE` FOREIGN KEY (`EXECUTION_ID_`) REFERENCES `act_ru_execution` (`ID_`),
  CONSTRAINT `ACT_FK_TASK_PROCDEF` FOREIGN KEY (`PROC_DEF_ID_`) REFERENCES `act_re_procdef` (`ID_`),
  CONSTRAINT `ACT_FK_TASK_PROCINST` FOREIGN KEY (`PROC_INST_ID_`) REFERENCES `act_ru_execution` (`ID_`)
) ENGINE=InnoDB DEFAULT CHARSET=utf8 COLLATE=utf8_bin;

-- ----------------------------
-- Records of act_ru_task
-- ----------------------------

-- ----------------------------
-- Table structure for act_ru_variable
-- ----------------------------
DROP TABLE IF EXISTS `act_ru_variable`;
CREATE TABLE `act_ru_variable` (
  `ID_` varchar(64) COLLATE utf8_bin NOT NULL,
  `REV_` int(11) DEFAULT NULL,
  `TYPE_` varchar(255) COLLATE utf8_bin NOT NULL,
  `NAME_` varchar(255) COLLATE utf8_bin NOT NULL,
  `EXECUTION_ID_` varchar(64) COLLATE utf8_bin DEFAULT NULL,
  `PROC_INST_ID_` varchar(64) COLLATE utf8_bin DEFAULT NULL,
  `TASK_ID_` varchar(64) COLLATE utf8_bin DEFAULT NULL,
  `BYTEARRAY_ID_` varchar(64) COLLATE utf8_bin DEFAULT NULL,
  `DOUBLE_` double DEFAULT NULL,
  `LONG_` bigint(20) DEFAULT NULL,
  `TEXT_` varchar(4000) COLLATE utf8_bin DEFAULT NULL,
  `TEXT2_` varchar(4000) COLLATE utf8_bin DEFAULT NULL,
  PRIMARY KEY (`ID_`),
  KEY `ACT_IDX_VARIABLE_TASK_ID` (`TASK_ID_`),
  KEY `ACT_FK_VAR_EXE` (`EXECUTION_ID_`),
  KEY `ACT_FK_VAR_PROCINST` (`PROC_INST_ID_`),
  KEY `ACT_FK_VAR_BYTEARRAY` (`BYTEARRAY_ID_`),
  CONSTRAINT `ACT_FK_VAR_BYTEARRAY` FOREIGN KEY (`BYTEARRAY_ID_`) REFERENCES `act_ge_bytearray` (`ID_`),
  CONSTRAINT `ACT_FK_VAR_EXE` FOREIGN KEY (`EXECUTION_ID_`) REFERENCES `act_ru_execution` (`ID_`),
  CONSTRAINT `ACT_FK_VAR_PROCINST` FOREIGN KEY (`PROC_INST_ID_`) REFERENCES `act_ru_execution` (`ID_`)
) ENGINE=InnoDB DEFAULT CHARSET=utf8 COLLATE=utf8_bin;

-- ----------------------------
-- Records of act_ru_variable
-- ----------------------------

-- ----------------------------
-- Table structure for qrtz_blob_triggers
-- ----------------------------
DROP TABLE IF EXISTS `qrtz_blob_triggers`;
CREATE TABLE `qrtz_blob_triggers` (
  `SCHED_NAME` varchar(120) NOT NULL,
  `TRIGGER_NAME` varchar(200) NOT NULL,
  `TRIGGER_GROUP` varchar(200) NOT NULL,
  `BLOB_DATA` blob,
  PRIMARY KEY (`SCHED_NAME`,`TRIGGER_NAME`,`TRIGGER_GROUP`),
  CONSTRAINT `qrtz_blob_triggers_ibfk_1` FOREIGN KEY (`SCHED_NAME`, `TRIGGER_NAME`, `TRIGGER_GROUP`) REFERENCES `qrtz_triggers` (`SCHED_NAME`, `TRIGGER_NAME`, `TRIGGER_GROUP`)
) ENGINE=InnoDB DEFAULT CHARSET=utf8;

-- ----------------------------
-- Records of qrtz_blob_triggers
-- ----------------------------

-- ----------------------------
-- Table structure for qrtz_calendars
-- ----------------------------
DROP TABLE IF EXISTS `qrtz_calendars`;
CREATE TABLE `qrtz_calendars` (
  `SCHED_NAME` varchar(120) NOT NULL,
  `CALENDAR_NAME` varchar(200) NOT NULL,
  `CALENDAR` blob NOT NULL,
  PRIMARY KEY (`SCHED_NAME`,`CALENDAR_NAME`)
) ENGINE=InnoDB DEFAULT CHARSET=utf8;

-- ----------------------------
-- Records of qrtz_calendars
-- ----------------------------

-- ----------------------------
-- Table structure for qrtz_cron_triggers
-- ----------------------------
DROP TABLE IF EXISTS `qrtz_cron_triggers`;
CREATE TABLE `qrtz_cron_triggers` (
  `SCHED_NAME` varchar(120) NOT NULL,
  `TRIGGER_NAME` varchar(200) NOT NULL,
  `TRIGGER_GROUP` varchar(200) NOT NULL,
  `CRON_EXPRESSION` varchar(200) NOT NULL,
  `TIME_ZONE_ID` varchar(80) DEFAULT NULL,
  PRIMARY KEY (`SCHED_NAME`,`TRIGGER_NAME`,`TRIGGER_GROUP`),
  CONSTRAINT `qrtz_cron_triggers_ibfk_1` FOREIGN KEY (`SCHED_NAME`, `TRIGGER_NAME`, `TRIGGER_GROUP`) REFERENCES `qrtz_triggers` (`SCHED_NAME`, `TRIGGER_NAME`, `TRIGGER_GROUP`)
) ENGINE=InnoDB DEFAULT CHARSET=utf8;

-- ----------------------------
-- Records of qrtz_cron_triggers
-- ----------------------------
INSERT INTO `qrtz_cron_triggers` VALUES ('quartzScheduler', 'cn.exrick.xboot.quartz.jobs.SampleJob', 'DEFAULT', '0/1 * * * * ? ', 'Asia/Shanghai');
INSERT INTO `qrtz_cron_triggers` VALUES ('quartzScheduler', 'cn.exrick.xboot.quartz.jobs.SampleParamJob', 'DEFAULT', '0/1 * * * * ? ', 'Asia/Shanghai');

-- ----------------------------
-- Table structure for qrtz_fired_triggers
-- ----------------------------
DROP TABLE IF EXISTS `qrtz_fired_triggers`;
CREATE TABLE `qrtz_fired_triggers` (
  `SCHED_NAME` varchar(120) NOT NULL,
  `ENTRY_ID` varchar(95) NOT NULL,
  `TRIGGER_NAME` varchar(200) NOT NULL,
  `TRIGGER_GROUP` varchar(200) NOT NULL,
  `INSTANCE_NAME` varchar(200) NOT NULL,
  `FIRED_TIME` bigint(13) NOT NULL,
  `SCHED_TIME` bigint(13) NOT NULL,
  `PRIORITY` int(11) NOT NULL,
  `STATE` varchar(16) NOT NULL,
  `JOB_NAME` varchar(200) DEFAULT NULL,
  `JOB_GROUP` varchar(200) DEFAULT NULL,
  `IS_NONCONCURRENT` varchar(1) DEFAULT NULL,
  `REQUESTS_RECOVERY` varchar(1) DEFAULT NULL,
  PRIMARY KEY (`SCHED_NAME`,`ENTRY_ID`)
) ENGINE=InnoDB DEFAULT CHARSET=utf8;

-- ----------------------------
-- Records of qrtz_fired_triggers
-- ----------------------------

-- ----------------------------
-- Table structure for qrtz_job_details
-- ----------------------------
DROP TABLE IF EXISTS `qrtz_job_details`;
CREATE TABLE `qrtz_job_details` (
  `SCHED_NAME` varchar(120) NOT NULL,
  `JOB_NAME` varchar(200) NOT NULL,
  `JOB_GROUP` varchar(200) NOT NULL,
  `DESCRIPTION` varchar(250) DEFAULT NULL,
  `JOB_CLASS_NAME` varchar(250) NOT NULL,
  `IS_DURABLE` varchar(1) NOT NULL,
  `IS_NONCONCURRENT` varchar(1) NOT NULL,
  `IS_UPDATE_DATA` varchar(1) NOT NULL,
  `REQUESTS_RECOVERY` varchar(1) NOT NULL,
  `JOB_DATA` blob,
  PRIMARY KEY (`SCHED_NAME`,`JOB_NAME`,`JOB_GROUP`)
) ENGINE=InnoDB DEFAULT CHARSET=utf8;

-- ----------------------------
-- Records of qrtz_job_details
-- ----------------------------
INSERT INTO `qrtz_job_details` VALUES ('quartzScheduler', 'cn.exrick.xboot.quartz.jobs.SampleJob', 'DEFAULT', null, 'cn.exrick.xboot.quartz.jobs.SampleJob', '0', '0', '0', '0', 0xACED0005737200156F72672E71756172747A2E4A6F62446174614D61709FB083E8BFA9B0CB020000787200266F72672E71756172747A2E7574696C732E537472696E674B65794469727479466C61674D61708208E8C3FBC55D280200015A0013616C6C6F77735472616E7369656E74446174617872001D6F72672E71756172747A2E7574696C732E4469727479466C61674D617013E62EAD28760ACE0200025A000564697274794C00036D617074000F4C6A6176612F7574696C2F4D61703B787001737200116A6176612E7574696C2E486173684D61700507DAC1C31660D103000246000A6C6F6164466163746F724900097468726573686F6C6478703F4000000000000C77080000001000000001740009706172616D657465727400007800);
INSERT INTO `qrtz_job_details` VALUES ('quartzScheduler', 'cn.exrick.xboot.quartz.jobs.SampleParamJob', 'DEFAULT', null, 'cn.exrick.xboot.quartz.jobs.SampleParamJob', '0', '0', '0', '0', 0xACED0005737200156F72672E71756172747A2E4A6F62446174614D61709FB083E8BFA9B0CB020000787200266F72672E71756172747A2E7574696C732E537472696E674B65794469727479466C61674D61708208E8C3FBC55D280200015A0013616C6C6F77735472616E7369656E74446174617872001D6F72672E71756172747A2E7574696C732E4469727479466C61674D617013E62EAD28760ACE0200025A000564697274794C00036D617074000F4C6A6176612F7574696C2F4D61703B787001737200116A6176612E7574696C2E486173684D61700507DAC1C31660D103000246000A6C6F6164466163746F724900097468726573686F6C6478703F4000000000000C77080000001000000001740009706172616D65746572740005576F726C647800);

-- ----------------------------
-- Table structure for qrtz_locks
-- ----------------------------
DROP TABLE IF EXISTS `qrtz_locks`;
CREATE TABLE `qrtz_locks` (
  `SCHED_NAME` varchar(120) NOT NULL,
  `LOCK_NAME` varchar(40) NOT NULL,
  PRIMARY KEY (`SCHED_NAME`,`LOCK_NAME`)
) ENGINE=InnoDB DEFAULT CHARSET=utf8;

-- ----------------------------
-- Records of qrtz_locks
-- ----------------------------
INSERT INTO `qrtz_locks` VALUES ('quartzScheduler', 'TRIGGER_ACCESS');

-- ----------------------------
-- Table structure for qrtz_paused_trigger_grps
-- ----------------------------
DROP TABLE IF EXISTS `qrtz_paused_trigger_grps`;
CREATE TABLE `qrtz_paused_trigger_grps` (
  `SCHED_NAME` varchar(120) NOT NULL,
  `TRIGGER_GROUP` varchar(200) NOT NULL,
  PRIMARY KEY (`SCHED_NAME`,`TRIGGER_GROUP`)
) ENGINE=InnoDB DEFAULT CHARSET=utf8;

-- ----------------------------
-- Records of qrtz_paused_trigger_grps
-- ----------------------------

-- ----------------------------
-- Table structure for qrtz_scheduler_state
-- ----------------------------
DROP TABLE IF EXISTS `qrtz_scheduler_state`;
CREATE TABLE `qrtz_scheduler_state` (
  `SCHED_NAME` varchar(120) NOT NULL,
  `INSTANCE_NAME` varchar(200) NOT NULL,
  `LAST_CHECKIN_TIME` bigint(13) NOT NULL,
  `CHECKIN_INTERVAL` bigint(13) NOT NULL,
  PRIMARY KEY (`SCHED_NAME`,`INSTANCE_NAME`)
) ENGINE=InnoDB DEFAULT CHARSET=utf8;

-- ----------------------------
-- Records of qrtz_scheduler_state
-- ----------------------------

-- ----------------------------
-- Table structure for qrtz_simple_triggers
-- ----------------------------
DROP TABLE IF EXISTS `qrtz_simple_triggers`;
CREATE TABLE `qrtz_simple_triggers` (
  `SCHED_NAME` varchar(120) NOT NULL,
  `TRIGGER_NAME` varchar(200) NOT NULL,
  `TRIGGER_GROUP` varchar(200) NOT NULL,
  `REPEAT_COUNT` bigint(7) NOT NULL,
  `REPEAT_INTERVAL` bigint(12) NOT NULL,
  `TIMES_TRIGGERED` bigint(10) NOT NULL,
  PRIMARY KEY (`SCHED_NAME`,`TRIGGER_NAME`,`TRIGGER_GROUP`),
  CONSTRAINT `qrtz_simple_triggers_ibfk_1` FOREIGN KEY (`SCHED_NAME`, `TRIGGER_NAME`, `TRIGGER_GROUP`) REFERENCES `qrtz_triggers` (`SCHED_NAME`, `TRIGGER_NAME`, `TRIGGER_GROUP`)
) ENGINE=InnoDB DEFAULT CHARSET=utf8;

-- ----------------------------
-- Records of qrtz_simple_triggers
-- ----------------------------

-- ----------------------------
-- Table structure for qrtz_simprop_triggers
-- ----------------------------
DROP TABLE IF EXISTS `qrtz_simprop_triggers`;
CREATE TABLE `qrtz_simprop_triggers` (
  `SCHED_NAME` varchar(120) NOT NULL,
  `TRIGGER_NAME` varchar(200) NOT NULL,
  `TRIGGER_GROUP` varchar(200) NOT NULL,
  `STR_PROP_1` varchar(512) DEFAULT NULL,
  `STR_PROP_2` varchar(512) DEFAULT NULL,
  `STR_PROP_3` varchar(512) DEFAULT NULL,
  `INT_PROP_1` int(11) DEFAULT NULL,
  `INT_PROP_2` int(11) DEFAULT NULL,
  `LONG_PROP_1` bigint(20) DEFAULT NULL,
  `LONG_PROP_2` bigint(20) DEFAULT NULL,
  `DEC_PROP_1` decimal(13,4) DEFAULT NULL,
  `DEC_PROP_2` decimal(13,4) DEFAULT NULL,
  `BOOL_PROP_1` varchar(1) DEFAULT NULL,
  `BOOL_PROP_2` varchar(1) DEFAULT NULL,
  PRIMARY KEY (`SCHED_NAME`,`TRIGGER_NAME`,`TRIGGER_GROUP`),
  CONSTRAINT `qrtz_simprop_triggers_ibfk_1` FOREIGN KEY (`SCHED_NAME`, `TRIGGER_NAME`, `TRIGGER_GROUP`) REFERENCES `qrtz_triggers` (`SCHED_NAME`, `TRIGGER_NAME`, `TRIGGER_GROUP`)
) ENGINE=InnoDB DEFAULT CHARSET=utf8;

-- ----------------------------
-- Records of qrtz_simprop_triggers
-- ----------------------------

-- ----------------------------
-- Table structure for qrtz_triggers
-- ----------------------------
DROP TABLE IF EXISTS `qrtz_triggers`;
CREATE TABLE `qrtz_triggers` (
  `SCHED_NAME` varchar(120) NOT NULL,
  `TRIGGER_NAME` varchar(200) NOT NULL,
  `TRIGGER_GROUP` varchar(200) NOT NULL,
  `JOB_NAME` varchar(200) NOT NULL,
  `JOB_GROUP` varchar(200) NOT NULL,
  `DESCRIPTION` varchar(250) DEFAULT NULL,
  `NEXT_FIRE_TIME` bigint(13) DEFAULT NULL,
  `PREV_FIRE_TIME` bigint(13) DEFAULT NULL,
  `PRIORITY` int(11) DEFAULT NULL,
  `TRIGGER_STATE` varchar(16) NOT NULL,
  `TRIGGER_TYPE` varchar(8) NOT NULL,
  `START_TIME` bigint(13) NOT NULL,
  `END_TIME` bigint(13) DEFAULT NULL,
  `CALENDAR_NAME` varchar(200) DEFAULT NULL,
  `MISFIRE_INSTR` smallint(2) DEFAULT NULL,
  `JOB_DATA` blob,
  PRIMARY KEY (`SCHED_NAME`,`TRIGGER_NAME`,`TRIGGER_GROUP`),
  KEY `SCHED_NAME` (`SCHED_NAME`,`JOB_NAME`,`JOB_GROUP`),
  CONSTRAINT `qrtz_triggers_ibfk_1` FOREIGN KEY (`SCHED_NAME`, `JOB_NAME`, `JOB_GROUP`) REFERENCES `qrtz_job_details` (`SCHED_NAME`, `JOB_NAME`, `JOB_GROUP`)
) ENGINE=InnoDB DEFAULT CHARSET=utf8;

-- ----------------------------
-- Records of qrtz_triggers
-- ----------------------------
INSERT INTO `qrtz_triggers` VALUES ('quartzScheduler', 'cn.exrick.xboot.quartz.jobs.SampleJob', 'DEFAULT', 'cn.exrick.xboot.quartz.jobs.SampleJob', 'DEFAULT', null, '1542678693615', '1534080836000', '5', 'PAUSED', 'CRON', '1534080790000', '0', null, '0', '');
INSERT INTO `qrtz_triggers` VALUES ('quartzScheduler', 'cn.exrick.xboot.quartz.jobs.SampleParamJob', 'DEFAULT', 'cn.exrick.xboot.quartz.jobs.SampleParamJob', 'DEFAULT', null, '1537715980000', '1537715979000', '5', 'PAUSED', 'CRON', '1534081976000', '0', null, '0', '');

-- ----------------------------
-- Table structure for t_act_model
-- ----------------------------
DROP TABLE IF EXISTS `t_act_model`;
CREATE TABLE `t_act_model` (
  `id` varchar(255) NOT NULL,
  `create_by` varchar(255) DEFAULT NULL,
  `create_time` datetime DEFAULT NULL,
  `del_flag` int(11) DEFAULT NULL,
  `update_by` varchar(255) DEFAULT NULL,
  `update_time` datetime DEFAULT NULL,
  `description` varchar(255) DEFAULT NULL,
  `model_key` varchar(255) DEFAULT NULL,
  `name` varchar(255) DEFAULT NULL,
  `version` int(11) DEFAULT NULL,
  PRIMARY KEY (`id`)
) ENGINE=MyISAM DEFAULT CHARSET=utf8;

-- ----------------------------
-- Records of t_act_model
-- ----------------------------
INSERT INTO `t_act_model` VALUES ('55086', 'admin', '2018-11-20 20:10:55', '0', 'admin', '2018-11-20 20:10:55', 'remark', 'process', 'test.bpmn20.xml', '1');

-- ----------------------------
-- Table structure for t_act_process
-- ----------------------------
DROP TABLE IF EXISTS `t_act_process`;
CREATE TABLE `t_act_process` (
  `id` varchar(255) NOT NULL,
  `create_by` varchar(255) DEFAULT NULL,
  `create_time` datetime DEFAULT NULL,
  `del_flag` int(11) DEFAULT NULL,
  `update_by` varchar(255) DEFAULT NULL,
  `update_time` datetime DEFAULT NULL,
  `deployment_id` varchar(255) DEFAULT NULL,
  `name` varchar(255) DEFAULT NULL,
  `process_key` varchar(255) DEFAULT NULL,
  `version` int(11) DEFAULT NULL,
  `category_id` varchar(255) DEFAULT NULL,
  `diagram_name` varchar(255) DEFAULT NULL,
  `status` int(11) DEFAULT NULL,
  `xml_name` varchar(255) DEFAULT NULL,
  `description` varchar(255) DEFAULT NULL,
  PRIMARY KEY (`id`)
) ENGINE=MyISAM DEFAULT CHARSET=utf8;

-- ----------------------------
-- Records of t_act_process
-- ----------------------------
INSERT INTO `t_act_process` VALUES ('process:1:47507', 'admin', '2018-11-20 11:51:50', '0', 'admin', '2018-11-20 19:06:08', '47504', 'test', 'key', '1', '1', 'test.process.png', '1', 'test.bpmn20.xml', 'remark');

-- ----------------------------
-- Table structure for t_department
-- ----------------------------
DROP TABLE IF EXISTS `t_department`;
CREATE TABLE `t_department` (
  `id` varchar(255) NOT NULL,
  `create_by` varchar(255) DEFAULT NULL,
  `create_time` datetime DEFAULT NULL,
  `del_flag` int(11) DEFAULT NULL,
  `update_by` varchar(255) DEFAULT NULL,
  `update_time` datetime DEFAULT NULL,
  `parent_id` varchar(255) DEFAULT NULL,
  `sort_order` decimal(10,2) DEFAULT NULL,
  `status` int(11) DEFAULT NULL,
  `title` varchar(255) DEFAULT NULL,
  `is_parent` bit(1) DEFAULT NULL,
  PRIMARY KEY (`id`)
) ENGINE=MyISAM DEFAULT CHARSET=utf8;

-- ----------------------------
-- Records of t_department
-- ----------------------------
INSERT INTO `t_department` VALUES ('40327253309001728', '', '2018-08-10 20:58:27', '0', '', '2018-08-11 17:26:38', '40322811096469504', '3.00', '-1', '', null);
INSERT INTO `t_department` VALUES ('40322777781112832', '', '2018-08-10 20:40:40', '0', '', '2018-08-11 00:03:06', '0', '1.00', '0', '', '');
INSERT INTO `t_department` VALUES ('40322811096469504', '', '2018-08-10 20:40:48', '0', '', '2018-08-11 00:27:05', '40322777781112832', '1.00', '0', '', '');
INSERT INTO `t_department` VALUES ('40322852833988608', '', '2018-08-10 20:40:58', '0', '', '2018-08-11 01:29:42', '40322811096469504', '1.00', '0', '', null);
INSERT INTO `t_department` VALUES ('40327204755738624', '', '2018-08-10 20:58:15', '0', '', '2018-08-10 22:02:15', '40322811096469504', '2.00', '0', '', null);
INSERT INTO `t_department` VALUES ('40343262766043136', '', '2018-08-10 22:02:04', '0', '', '2018-08-11 00:02:53', '0', '2.00', '0', '', '');
INSERT INTO `t_department` VALUES ('40681289119961088', '', '2018-08-11 20:25:16', '0', '', '2018-08-11 22:47:48', '40652270295060480', '2.00', '0', 'VIP', '\0');
INSERT INTO `t_department` VALUES ('40344005342400512', '', '2018-08-10 22:05:01', '0', '', '2018-08-11 17:48:44', '40343262766043136', '2.00', '0', 'Vue', null);
INSERT INTO `t_department` VALUES ('40652270295060480', '', '2018-08-11 18:29:57', '0', '', '2018-08-12 18:45:01', '0', '3.00', '0', '', '');
INSERT INTO `t_department` VALUES ('40389030113710080', '', '2018-08-11 01:03:56', '0', '', '2018-08-11 17:50:04', '40343262766043136', '1.00', '0', 'JAVA', '\0');
INSERT INTO `t_department` VALUES ('40652338142121984', null, '2018-08-11 18:30:13', '0', null, '2018-08-11 18:30:13', '40652270295060480', '1.00', '0', '', '\0');

-- ----------------------------
-- Table structure for t_dict
-- ----------------------------
DROP TABLE IF EXISTS `t_dict`;
CREATE TABLE `t_dict` (
  `id` varchar(255) NOT NULL,
  `create_by` varchar(255) DEFAULT NULL,
  `create_time` datetime DEFAULT NULL,
  `del_flag` int(11) DEFAULT NULL,
  `update_by` varchar(255) DEFAULT NULL,
  `update_time` datetime DEFAULT NULL,
  `description` varchar(255) DEFAULT NULL,
  `title` varchar(255) DEFAULT NULL,
  `type` varchar(255) DEFAULT NULL,
  PRIMARY KEY (`id`)
) ENGINE=MyISAM DEFAULT CHARSET=utf8;

-- ----------------------------
-- Records of t_dict
-- ----------------------------
INSERT INTO `t_dict` VALUES ('75135930788220928', 'admin', '2018-11-14 22:15:43', '0', 'admin', '2018-11-14 23:34:01', '', '', 'sex');
INSERT INTO `t_dict` VALUES ('75383353938808832', 'admin', '2018-11-15 14:38:53', '0', 'admin', '2018-11-15 17:49:24', '', '', 'message_type');
INSERT INTO `t_dict` VALUES ('75388696739713024', 'admin', '2018-11-15 15:00:07', '0', 'admin', '2018-11-15 15:00:07', '', '', 'permission_type');
INSERT INTO `t_dict` VALUES ('75392985935646720', 'admin', '2018-11-15 15:17:10', '0', 'admin', '2018-11-15 15:17:10', '', '', 'tencent_bucket_region');

-- ----------------------------
-- Table structure for t_dict_data
-- ----------------------------
DROP TABLE IF EXISTS `t_dict_data`;
CREATE TABLE `t_dict_data` (
  `id` varchar(255) NOT NULL,
  `create_by` varchar(255) DEFAULT NULL,
  `create_time` datetime DEFAULT NULL,
  `del_flag` int(11) DEFAULT NULL,
  `update_by` varchar(255) DEFAULT NULL,
  `update_time` datetime DEFAULT NULL,
  `description` varchar(255) DEFAULT NULL,
  `dict_id` varchar(255) DEFAULT NULL,
  `sort_order` decimal(10,2) DEFAULT NULL,
  `status` int(11) DEFAULT NULL,
  `title` varchar(255) DEFAULT NULL,
  `value` varchar(255) DEFAULT NULL,
  PRIMARY KEY (`id`)
) ENGINE=MyISAM DEFAULT CHARSET=utf8;

-- ----------------------------
-- Records of t_dict_data
-- ----------------------------
INSERT INTO `t_dict_data` VALUES ('75158227712479232', 'admin', '2018-11-14 23:44:19', '0', 'admin', '2018-11-14 23:50:23', '', '75135930788220928', '0.00', '0', '', '1');
INSERT INTO `t_dict_data` VALUES ('75159254272577536', 'admin', '2018-11-14 23:48:24', '0', 'admin', '2018-11-14 23:50:14', '', '75135930788220928', '1.00', '0', '', '0');
INSERT INTO `t_dict_data` VALUES ('75159898425397248', 'admin', '2018-11-14 23:50:57', '0', 'admin', '2018-11-15 17:27:15', '', '75135930788220928', '2.00', '-1', '', '2');
INSERT INTO `t_dict_data` VALUES ('75385648017575936', 'admin', '2018-11-15 14:48:00', '0', 'admin', '2018-11-15 14:48:41', '', '75383353938808832', '0.00', '0', '', '0');
INSERT INTO `t_dict_data` VALUES ('75385706913992704', 'admin', '2018-11-15 14:48:14', '0', 'admin', '2018-11-15 14:48:44', '', '75383353938808832', '1.00', '0', '', '1');
INSERT INTO `t_dict_data` VALUES ('75385774274514944', 'admin', '2018-11-15 14:48:30', '0', 'admin', '2018-11-15 14:48:48', '', '75383353938808832', '2.00', '0', '', '2');
INSERT INTO `t_dict_data` VALUES ('75390787835138048', 'admin', '2018-11-15 15:08:26', '0', 'admin', '2018-11-15 15:08:26', '', '75388696739713024', '0.00', '0', '(view)', 'view');
INSERT INTO `t_dict_data` VALUES ('75390886501945344', 'admin', '2018-11-15 15:08:49', '0', 'admin', '2018-11-15 15:08:57', '', '75388696739713024', '1.00', '0', '(add)', 'add');
INSERT INTO `t_dict_data` VALUES ('75390993939042304', 'admin', '2018-11-15 15:09:15', '0', 'admin', '2018-11-15 15:09:15', '', '75388696739713024', '2.00', '0', '(edit)', 'edit');
INSERT INTO `t_dict_data` VALUES ('75391067532300288', 'admin', '2018-11-15 15:09:32', '0', 'admin', '2018-11-15 15:09:32', '', '75388696739713024', '3.00', '0', '(delete)', 'delete');
INSERT INTO `t_dict_data` VALUES ('75391126902673408', 'admin', '2018-11-15 15:09:46', '0', 'admin', '2018-11-15 15:09:46', '', '75388696739713024', '4.00', '0', '(clear)', 'clear');
INSERT INTO `t_dict_data` VALUES ('75391192883269632', 'admin', '2018-11-15 15:10:02', '0', 'admin', '2018-11-15 15:10:02', '', '75388696739713024', '5.00', '0', '(enable)', 'enable');
INSERT INTO `t_dict_data` VALUES ('75391251024711680', 'admin', '2018-11-15 15:10:16', '0', 'admin', '2018-11-15 15:10:16', '', '75388696739713024', '6.00', '0', '(disable)', 'disable');
INSERT INTO `t_dict_data` VALUES ('75391297124306944', 'admin', '2018-11-15 15:10:27', '0', 'admin', '2018-11-15 15:10:27', '', '75388696739713024', '7.00', '0', '(search)', 'search');
INSERT INTO `t_dict_data` VALUES ('75391343379091456', 'admin', '2018-11-15 15:10:38', '0', 'admin', '2018-11-15 15:10:38', '', '75388696739713024', '8.00', '0', '(upload)', 'upload');
INSERT INTO `t_dict_data` VALUES ('75391407526776832', 'admin', '2018-11-15 15:10:53', '0', 'admin', '2018-11-15 15:10:53', '', '75388696739713024', '9.00', '0', '(output)', 'output');
INSERT INTO `t_dict_data` VALUES ('75391475042488320', 'admin', '2018-11-15 15:11:09', '0', 'admin', '2018-11-15 15:11:09', '', '75388696739713024', '10.00', '0', '(input)', 'input');
INSERT INTO `t_dict_data` VALUES ('75391522182270976', 'admin', '2018-11-15 15:11:21', '0', 'admin', '2018-11-15 15:11:21', '', '75388696739713024', '11.00', '0', '(editPerm)', 'editPerm');
INSERT INTO `t_dict_data` VALUES ('75391576364290048', 'admin', '2018-11-15 15:11:34', '0', 'admin', '2018-11-15 15:11:34', '', '75388696739713024', '12.00', '0', '(setDefault)', 'setDefault');
INSERT INTO `t_dict_data` VALUES ('75391798033256448', 'admin', '2018-11-15 15:12:26', '0', 'admin', '2018-11-15 15:12:26', '', '75388696739713024', '13.00', '0', '(other)', 'other');
INSERT INTO `t_dict_data` VALUES ('75393605291741184', 'admin', '2018-11-15 15:19:37', '0', 'admin', '2018-11-15 15:19:37', '', '75392985935646720', '0.00', '0', '', 'ap-beijing-1');
INSERT INTO `t_dict_data` VALUES ('75393681254780928', 'admin', '2018-11-15 15:19:55', '0', 'admin', '2018-11-15 15:19:55', '', '75392985935646720', '1.00', '0', '', 'ap-beijing');
INSERT INTO `t_dict_data` VALUES ('75393767619694592', 'admin', '2018-11-15 15:20:16', '0', 'admin', '2018-11-15 15:20:16', '', '75392985935646720', '2.00', '0', '', 'ap-shanghai');
INSERT INTO `t_dict_data` VALUES ('75393851484803072', 'admin', '2018-11-15 15:20:36', '0', 'admin', '2018-11-15 15:20:36', '', '75392985935646720', '3.00', '0', '', 'ap-guangzhou');
INSERT INTO `t_dict_data` VALUES ('75393961887272960', 'admin', '2018-11-15 15:21:02', '0', 'admin', '2018-11-15 15:21:02', '', '75392985935646720', '4.00', '0', '', 'ap-chengdu');
INSERT INTO `t_dict_data` VALUES ('75394053969022976', 'admin', '2018-11-15 15:21:24', '0', 'admin', '2018-11-15 15:21:24', '', '75392985935646720', '5.00', '0', '', 'ap-chongqing');
INSERT INTO `t_dict_data` VALUES ('75394122474590208', 'admin', '2018-11-15 15:21:41', '0', 'admin', '2018-11-15 15:21:41', '', '75392985935646720', '6.00', '0', '', 'ap-singapore');
INSERT INTO `t_dict_data` VALUES ('75394186202845184', 'admin', '2018-11-15 15:21:56', '0', 'admin', '2018-11-15 15:21:56', '', '75392985935646720', '7.00', '0', '', 'ap-hongkong');
INSERT INTO `t_dict_data` VALUES ('75394254255427584', 'admin', '2018-11-15 15:22:12', '0', 'admin', '2018-11-15 15:22:12', '', '75392985935646720', '8.00', '0', '', 'na-toronto');
INSERT INTO `t_dict_data` VALUES ('75394309125312512', 'admin', '2018-11-15 15:22:25', '0', 'admin', '2018-11-15 15:22:25', '', '75392985935646720', '9.00', '0', '', 'eu-frankfurt');
INSERT INTO `t_dict_data` VALUES ('75394367044456448', 'admin', '2018-11-15 15:22:39', '0', 'admin', '2018-11-15 15:22:39', '', '75392985935646720', '10.00', '0', '', 'ap-mumbai');
INSERT INTO `t_dict_data` VALUES ('75394448523005952', 'admin', '2018-11-15 15:22:58', '0', 'admin', '2018-11-15 15:22:58', '', '75392985935646720', '11.00', '0', '', 'ap-seoul');
INSERT INTO `t_dict_data` VALUES ('75394604765024256', 'admin', '2018-11-15 15:23:36', '0', 'admin', '2018-11-15 15:23:36', '', '75392985935646720', '12.00', '0', '', 'na-siliconvalley');
INSERT INTO `t_dict_data` VALUES ('75394659299364864', 'admin', '2018-11-15 15:23:49', '0', 'admin', '2018-11-15 15:23:49', '', '75392985935646720', '13.00', '0', '', 'na-ashburn');
INSERT INTO `t_dict_data` VALUES ('75394705700950016', 'admin', '2018-11-15 15:24:00', '0', 'admin', '2018-11-15 15:24:00', '', '75392985935646720', '14.00', '0', '', 'ap-bangkok');
INSERT INTO `t_dict_data` VALUES ('75394759287377920', 'admin', '2018-11-15 15:24:12', '0', 'admin', '2018-11-15 15:24:12', '', '75392985935646720', '15.00', '0', '', 'eu-moscow');

-- ----------------------------
-- Table structure for t_file
-- ----------------------------
DROP TABLE IF EXISTS `t_file`;
CREATE TABLE `t_file` (
  `id` varchar(255) NOT NULL,
  `create_by` varchar(255) DEFAULT NULL,
  `create_time` datetime DEFAULT NULL,
  `del_flag` int(11) DEFAULT NULL,
  `update_by` varchar(255) DEFAULT NULL,
  `update_time` datetime DEFAULT NULL,
  `name` varchar(255) DEFAULT NULL,
  `size` bigint(20) DEFAULT NULL,
  `type` varchar(255) DEFAULT NULL,
  `url` varchar(255) DEFAULT NULL,
  `f_key` varchar(255) DEFAULT NULL,
  `location` int(11) DEFAULT NULL,
  PRIMARY KEY (`id`)
) ENGINE=MyISAM DEFAULT CHARSET=utf8;

-- ----------------------------
-- Records of t_file
-- ----------------------------

-- ----------------------------
-- Table structure for t_github
-- ----------------------------
DROP TABLE IF EXISTS `t_github`;
CREATE TABLE `t_github` (
  `id` varchar(255) NOT NULL,
  `create_by` varchar(255) DEFAULT NULL,
  `create_time` datetime DEFAULT NULL,
  `del_flag` int(11) DEFAULT NULL,
  `update_by` varchar(255) DEFAULT NULL,
  `update_time` datetime DEFAULT NULL,
  `avatar` varchar(255) DEFAULT NULL,
  `is_related` bit(1) DEFAULT NULL,
  `open_id` varchar(255) DEFAULT NULL,
  `relate_username` varchar(255) DEFAULT NULL,
  `username` varchar(255) DEFAULT NULL,
  PRIMARY KEY (`id`)
) ENGINE=MyISAM DEFAULT CHARSET=utf8;

-- ----------------------------
-- Records of t_github
-- ----------------------------

-- ----------------------------
-- Table structure for t_log
-- ----------------------------
DROP TABLE IF EXISTS `t_log`;
CREATE TABLE `t_log` (
  `id` varchar(255) NOT NULL,
  `create_by` varchar(255) DEFAULT NULL,
  `create_time` datetime DEFAULT NULL,
  `del_flag` int(11) DEFAULT NULL,
  `update_by` varchar(255) DEFAULT NULL,
  `update_time` datetime DEFAULT NULL,
  `cost_time` int(11) DEFAULT NULL,
  `ip` varchar(255) DEFAULT NULL,
  `ip_info` varchar(255) DEFAULT NULL,
  `name` varchar(255) DEFAULT NULL,
  `request_param` varchar(255) DEFAULT NULL,
  `request_type` varchar(255) DEFAULT NULL,
  `request_url` varchar(255) DEFAULT NULL,
  `username` varchar(255) DEFAULT NULL,
  `log_type` int(11) DEFAULT NULL,
  PRIMARY KEY (`id`)
) ENGINE=MyISAM DEFAULT CHARSET=utf8;

-- ----------------------------
-- Records of t_log
-- ----------------------------

-- ----------------------------
-- Table structure for t_message
-- ----------------------------
DROP TABLE IF EXISTS `t_message`;
CREATE TABLE `t_message` (
  `id` varchar(255) NOT NULL,
  `create_by` varchar(255) DEFAULT NULL,
  `create_time` datetime DEFAULT NULL,
  `del_flag` int(11) DEFAULT NULL,
  `update_by` varchar(255) DEFAULT NULL,
  `update_time` datetime DEFAULT NULL,
  `create_send` bit(1) DEFAULT NULL,
  `title` varchar(255) DEFAULT NULL,
  `type` int(11) DEFAULT NULL,
  `content` longtext,
  PRIMARY KEY (`id`)
) ENGINE=MyISAM DEFAULT CHARSET=utf8;

-- ----------------------------
-- Records of t_message
-- ----------------------------
INSERT INTO `t_message` VALUES ('43615268366192640', '', '2018-08-19 22:43:51', '0', 'admin', '2018-11-15 21:38:52', '', 'X-Boot ', '0', '<p style=\"text-align: center;\">X-BootWebGPL v3.0</p><p style=\"text-align: center;\"><a href=\"http://xpay.exrick.cn/pay?xboot\" target=\"_blank\" style=\"background-color: rgb(255, 255, 255);\"></a></p><p style=\"text-align: center;\"><img src=\"https://i.loli.net/2018/08/24/5b801c8652227.png\" style=\"max-width:150px;\"><br></p><p style=\"text-align: center;\"></p><p style=\"text-align: center;\"><a href=\"http://wpa.qq.com/msgrd?v=3&amp;uin=1012139570&amp;site=qq&amp;menu=yes\" target=\"_blank\" style=\"background-color: rgb(255, 255, 255);\"></a></p>');

-- ----------------------------
-- Table structure for t_message_send
-- ----------------------------
DROP TABLE IF EXISTS `t_message_send`;
CREATE TABLE `t_message_send` (
  `id` varchar(255) NOT NULL,
  `create_by` varchar(255) DEFAULT NULL,
  `create_time` datetime DEFAULT NULL,
  `del_flag` int(11) DEFAULT NULL,
  `update_by` varchar(255) DEFAULT NULL,
  `update_time` datetime DEFAULT NULL,
  `message_id` varchar(255) DEFAULT NULL,
  `status` int(11) DEFAULT NULL,
  `user_id` varchar(255) DEFAULT NULL,
  PRIMARY KEY (`id`)
) ENGINE=MyISAM DEFAULT CHARSET=utf8;

-- ----------------------------
-- Records of t_message_send
-- ----------------------------
INSERT INTO `t_message_send` VALUES ('43615268663988224', null, '2018-08-19 22:43:51', '0', null, '2018-08-19 22:43:51', '43615268366192640', '0', '682265633886209');
INSERT INTO `t_message_send` VALUES ('43615268663988225', null, '2018-08-19 22:43:51', '0', null, '2018-08-19 22:43:51', '43615268366192640', '0', '16739222421508096');
INSERT INTO `t_message_send` VALUES ('43615268663988226', '', '2018-08-19 22:43:51', '0', '', '2018-08-24 12:41:24', '43615268366192640', '2', '4363087427670016');
INSERT INTO `t_message_send` VALUES ('43615268663988227', '', '2018-08-19 22:43:51', '0', 'admin', '2018-11-15 23:13:21', '43615268366192640', '2', '682265633886208');

-- ----------------------------
-- Table structure for t_permission
-- ----------------------------
DROP TABLE IF EXISTS `t_permission`;
CREATE TABLE `t_permission` (
  `id` varchar(255) NOT NULL,
  `create_by` varchar(255) DEFAULT NULL,
  `create_time` datetime DEFAULT NULL,
  `del_flag` int(11) DEFAULT NULL,
  `update_by` varchar(255) DEFAULT NULL,
  `update_time` datetime DEFAULT NULL,
  `description` varchar(255) DEFAULT NULL,
  `name` varchar(255) DEFAULT NULL,
  `parent_id` varchar(255) DEFAULT NULL,
  `type` int(11) DEFAULT NULL,
  `sort_order` decimal(10,2) DEFAULT NULL,
  `component` varchar(255) DEFAULT NULL,
  `path` varchar(255) DEFAULT NULL,
  `title` varchar(255) DEFAULT NULL,
  `icon` varchar(255) DEFAULT NULL,
  `level` int(11) DEFAULT NULL,
  `button_type` varchar(255) DEFAULT NULL,
  `status` int(11) DEFAULT NULL,
  `url` varchar(255) DEFAULT NULL,
  PRIMARY KEY (`id`)
) ENGINE=MyISAM DEFAULT CHARSET=utf8;

-- ----------------------------
-- Records of t_permission
-- ----------------------------
INSERT INTO `t_permission` VALUES ('5129710648430592', '', '2018-06-04 19:02:29', '0', '', '2018-09-29 23:11:56', '', 'sys', '', '0', '1.00', 'Main', '/sys', '', 'ios-settings', '1', '', '0', '');
INSERT INTO `t_permission` VALUES ('5129710648430593', '', '2018-06-04 19:02:32', '0', '', '2018-08-13 15:15:33', '', 'user-manage', '5129710648430592', '0', '1.10', 'sys/user-manage/userManage', 'user-manage', '', 'md-person', '2', '', '0', '');
INSERT INTO `t_permission` VALUES ('5129710648430594', '', '2018-06-04 19:02:35', '0', '', '2018-10-13 13:51:36', '', 'role-manage', '5129710648430592', '0', '1.60', 'sys/role-manage/roleManage', 'role-manage', '', 'md-contacts', '2', '', '0', '');
INSERT INTO `t_permission` VALUES ('5129710648430595', '', '2018-06-04 19:02:37', '0', '', '2018-09-23 23:32:02', '', 'menu-manage', '5129710648430592', '0', '1.70', 'sys/menu-manage/menuManage', 'menu-manage', '', 'md-menu', '2', '', '0', '');
INSERT INTO `t_permission` VALUES ('41375330996326400', '', '2018-08-13 18:23:08', '0', 'admin', '2018-10-20 22:47:07', '', 'simple-table', '41373430515240960', '0', '3.10', 'xboot-vue-template/simple-table/simpleTable', 'simple-table', '', 'ios-grid-outline', '2', '', '0', '');
INSERT INTO `t_permission` VALUES ('15701400130424832', '', '2018-06-03 22:04:06', '0', '', '2018-09-19 22:16:44', '', '', '5129710648430593', '1', '1.11', '', '/xboot/user/admin/add*', '', '', '3', 'add', '0', '');
INSERT INTO `t_permission` VALUES ('15701915807518720', '', '2018-06-03 22:06:09', '0', '', '2018-06-06 14:46:51', '', '', '5129710648430593', '1', '1.13', '', '/xboot/user/admin/disable/**', '', '', '3', 'disable', '0', null);
INSERT INTO `t_permission` VALUES ('15708892205944832', '', '2018-06-03 22:33:52', '0', '', '2018-06-28 16:44:48', '', '', '5129710648430593', '1', '1.14', '', '/xboot/user/admin/enable/**', '', '', '3', 'enable', '0', null);
INSERT INTO `t_permission` VALUES ('16392452747300864', '', '2018-06-05 19:50:06', '0', 'admin', '2018-10-23 12:34:21', '', 'access', '', '0', '5.00', 'Main', '/access', '', 'md-lock', '1', '', '0', '');
INSERT INTO `t_permission` VALUES ('16392767785668608', '', '2018-06-05 19:51:21', '0', 'admin', '2018-10-23 12:34:38', '', 'access_index', '16392452747300864', '0', '5.10', 'access/access', 'index', '', 'md-lock', '2', '', '0', '');
INSERT INTO `t_permission` VALUES ('16438800255291392', '', '2018-06-05 22:54:18', '0', 'admin', '2018-10-23 12:34:51', '', '', '16392767785668608', '1', '5.11', '', 'test-add', '', '', '3', 'add', '0', '');
INSERT INTO `t_permission` VALUES ('16438962738434048', '', '2018-06-05 22:54:55', '0', 'admin', '2018-10-23 12:35:05', '', '', '16392767785668608', '1', '5.12', '', 'test-edit', '', '', '3', 'edit', '0', '');
INSERT INTO `t_permission` VALUES ('16439068543946752', '', '2018-06-05 22:55:20', '0', 'admin', '2018-10-23 12:34:54', '', '', '16392767785668608', '1', '5.13', '', 'test-delete', '', '', '3', 'delete', '0', '');
INSERT INTO `t_permission` VALUES ('16678126574637056', '', '2018-06-06 14:45:16', '0', '', '2018-09-19 22:16:48', '', '', '5129710648430593', '1', '1.12', '', '/xboot/user/admin/edit*', '', '', '3', 'edit', '0', '');
INSERT INTO `t_permission` VALUES ('16678447719911424', '', '2018-06-06 14:46:32', '0', '', '2018-08-10 21:41:16', '', '', '5129710648430593', '1', '1.15', '', '/xboot/user/delByIds/**', '', '', '3', 'delete', '0', '');
INSERT INTO `t_permission` VALUES ('16687383932047360', '', '2018-06-06 15:22:03', '0', '', '2018-09-19 22:07:34', '', '', '5129710648430594', '1', '1.21', '', '/xboot/role/save*', '', '', '3', 'add', '0', '');
INSERT INTO `t_permission` VALUES ('16689632049631232', '', '2018-06-06 15:30:59', '0', '', '2018-09-19 22:07:37', '', '', '5129710648430594', '1', '1.22', '', '/xboot/role/edit*', '', '', '3', 'edit', '0', '');
INSERT INTO `t_permission` VALUES ('16689745006432256', '', '2018-06-06 15:31:26', '0', '', '2018-08-10 21:41:23', '', '', '5129710648430594', '1', '1.23', '', '/xboot/role/delAllByIds/**', '', '', '3', 'delete', '0', '');
INSERT INTO `t_permission` VALUES ('16689883993083904', null, '2018-06-06 15:31:59', '0', null, '2018-06-06 15:31:59', null, null, '5129710648430594', '1', '1.24', null, '/xboot/role/editRolePerm/**', '', null, '3', 'editPerm', '0', null);
INSERT INTO `t_permission` VALUES ('16690313745666048', '', '2018-06-06 15:33:41', '0', '', '2018-09-19 22:07:46', '', '', '5129710648430594', '1', '1.25', '', '/xboot/role/setDefault*', '', '', '3', 'setDefault', '0', '');
INSERT INTO `t_permission` VALUES ('16694861252005888', '', '2018-06-06 15:51:46', '0', '', '2018-09-19 22:07:52', '', '', '5129710648430595', '1', '1.31', '', '/xboot/permission/add*', '', '', '3', 'add', '0', '');
INSERT INTO `t_permission` VALUES ('16695107491205120', '', '2018-06-06 15:52:44', '0', '', '2018-09-19 22:07:57', '', '', '5129710648430595', '1', '1.32', '', '/xboot/permission/edit*', '', '', '3', 'edit', '0', '');
INSERT INTO `t_permission` VALUES ('16695243126607872', '', '2018-06-06 15:53:17', '0', '', '2018-08-10 21:41:33', '', '', '5129710648430595', '1', '1.33', '', '/xboot/permission/delByIds/**', '', '', '3', 'delete', '0', '');
INSERT INTO `t_permission` VALUES ('41371711400054784', '', '2018-08-13 18:08:45', '0', '', '2018-08-14 12:31:15', '', 'actuator', '39915540965232640', '0', '2.30', 'sys/actuator/actuator', 'actuator', 'Actuator[]', 'logo-angular', '2', '', '0', '');
INSERT INTO `t_permission` VALUES ('41370251991977984', null, '2018-08-13 18:02:57', '0', null, '2018-08-13 18:02:57', null, 'quartz-job', '39915540965232640', '0', '2.10', 'sys/quartz-manage/quartzManage', 'quartz-job', '', 'md-time', '2', '', '0', null);
INSERT INTO `t_permission` VALUES ('25014528525733888', '', '2018-06-29 14:51:09', '0', '', '2018-10-08 11:13:27', '', '', '5129710648430593', '1', '1.16', '', '', '', '', '3', 'upload', '0', '');
INSERT INTO `t_permission` VALUES ('39915540965232640', null, '2018-08-09 17:42:28', '0', null, '2018-08-09 17:42:28', null, 'monitor', null, '0', '2.00', 'Main', '/monitor', '', 'ios-analytics', '1', null, '0', null);
INSERT INTO `t_permission` VALUES ('39916171171991552', '', '2018-08-09 17:44:57', '0', '', '2018-08-25 12:13:11', '', 'druid', '39915540965232640', '0', '2.40', 'sys/monitor/monitor', 'druid', 'SQL', 'md-analytics', '2', '', '0', 'http://xboot.exrick.cn/druid/login.html');
INSERT INTO `t_permission` VALUES ('39918482854252544', '', '2018-08-09 17:54:08', '0', '', '2018-08-25 12:13:27', '', 'swagger', '39915540965232640', '0', '2.50', 'sys/monitor/monitor', 'swagger', '', 'md-document', '2', '', '0', 'http://xboot.exrick.cn/swagger-ui.html');
INSERT INTO `t_permission` VALUES ('40238597734928384', null, '2018-08-10 15:06:10', '0', null, '2018-08-10 15:06:10', null, 'department-manage', '5129710648430592', '0', '1.20', 'sys/department-manage/departmentManage', 'department-manage', '', 'md-git-branch', '2', '', '0', null);
INSERT INTO `t_permission` VALUES ('42082442672082944', '', '2018-08-15 17:12:57', '0', 'admin', '2018-10-20 22:47:22', '', 'new-window', '41373430515240960', '0', '3.30', 'xboot-vue-template/new-window/newWindow', 'new-window', '[]', 'ios-browsers', '2', '', '0', '');
INSERT INTO `t_permission` VALUES ('41373430515240960', '', '2018-08-13 18:15:35', '0', 'admin', '2018-11-17 11:41:44', '', 'vue-template', '', '0', '3.00', 'Main', '/vue-template', 'Vue', 'ios-albums', '1', '', '0', '');
INSERT INTO `t_permission` VALUES ('41363147411427328', '', '2018-08-13 17:34:43', '0', '', '2018-08-20 20:05:21', '', 'log-manage', '39915540965232640', '0', '2.20', 'sys/log-manage/logManage', 'log-manage', '', 'md-list-box', '2', '', '0', '');
INSERT INTO `t_permission` VALUES ('41363537456533504', '', '2018-08-13 17:36:16', '0', '', '2018-08-13 17:56:11', '', '', '41363147411427328', '1', '2.11', '', '/xboot/log/delByIds/**', '', '', '3', 'delete', '0', '');
INSERT INTO `t_permission` VALUES ('41364927394353152', '', '2018-08-13 17:41:48', '0', '', '2018-09-19 22:08:57', '', '', '41363147411427328', '1', '2.12', '', '/xboot/log/delAll*', '', '', '3', 'undefined', '0', '');
INSERT INTO `t_permission` VALUES ('41376192166629376', '', '2018-08-13 18:26:33', '0', 'admin', '2018-10-20 22:47:26', '', 'search-table', '41373430515240960', '0', '3.40', 'xboot-vue-template/search-table/searchTable', 'search-table', '[]', 'md-grid', '2', '', '0', '');
INSERT INTO `t_permission` VALUES ('41377034236071936', '', '2018-08-13 18:29:54', '0', 'admin', '2018-10-20 22:47:33', '', 'complex-table', '41373430515240960', '0', '3.50', 'xboot-vue-template/complex-table/complexTable', 'complex-table', '[]', 'ios-grid', '2', '', '0', '');
INSERT INTO `t_permission` VALUES ('41378916912336896', '', '2018-08-13 18:37:23', '0', 'admin', '2018-10-20 22:47:39', '', 'tree', '41373430515240960', '0', '3.70', 'xboot-vue-template/tree/tree', 'tree', '[]', 'ios-git-network', '2', '', '0', '');
INSERT INTO `t_permission` VALUES ('41469219249852416', null, '2018-08-14 00:36:13', '0', null, '2018-08-14 00:36:13', null, '', '41371711400054784', '1', '2.31', '', '', '', '', '3', 'view', '0', null);
INSERT INTO `t_permission` VALUES ('42087054753927168', '', '2018-08-15 17:31:16', '0', 'admin', '2018-10-22 21:33:53', '', 'html-edit', '41373430515240960', '0', '3.92', 'xboot-vue-template/html-edit/htmlEdit', 'html-edit', '[]', 'ios-create', '2', '', '0', '');
INSERT INTO `t_permission` VALUES ('43117268627886080', '', '2018-08-18 13:44:58', '0', '', '2018-08-18 20:55:04', '', 'message-manage', '5129710648430592', '0', '1.30', 'sys/message-manage/messageManage', 'message-manage', '[]', 'md-mail', '2', '', '0', '');
INSERT INTO `t_permission` VALUES ('44986029924421632', '', '2018-08-23 17:30:46', '0', '', '2018-09-23 23:26:53', '', 'social-manage', '5129710648430592', '0', '1.50', 'sys/social-manage/socialManage', 'social-manage', '[]', 'md-share', '2', '', '0', '');
INSERT INTO `t_permission` VALUES ('45069342940860416', '', '2018-08-23 23:01:49', '0', '', '2018-08-24 10:01:09', '', '', '44986029924421632', '1', '1.42', '', '', '', '', '3', 'view', '0', '');
INSERT INTO `t_permission` VALUES ('45235228800716800', '', '2018-08-24 10:01:00', '0', '', '2018-09-19 22:07:23', '', '', '44986029924421632', '1', '1.41', '', '/xboot/relate/delByIds*', '', '', '3', 'delete', '0', '');
INSERT INTO `t_permission` VALUES ('45235621697949696', '', '2018-08-24 10:02:33', '0', '', '2018-09-19 22:06:57', '', '', '40238597734928384', '1', '1.21', '', '/xboot/department/add*', '', '', '3', 'add', '0', '');
INSERT INTO `t_permission` VALUES ('45235787867885568', '', '2018-08-24 10:03:13', '0', '', '2018-09-19 22:07:02', '', '', '40238597734928384', '1', '1.22', '', '/xboot/department/edit*', '', '', '3', 'edit', '0', '');
INSERT INTO `t_permission` VALUES ('45235939278065664', null, '2018-08-24 10:03:49', '0', null, '2018-08-24 10:03:49', null, '', '40238597734928384', '1', '1.23', '', '/xboot/department/delByIds/*', '', '', '3', 'delete', '0', null);
INSERT INTO `t_permission` VALUES ('45236734832676864', '', '2018-08-24 10:06:59', '0', '', '2018-09-19 22:07:07', '', '', '43117268627886080', '1', '1.31', '', '/xboot/message/add*', '', '', '3', 'add', '0', '');
INSERT INTO `t_permission` VALUES ('45237010692050944', '', '2018-08-24 10:08:04', '0', '', '2018-09-19 22:07:12', '', '', '43117268627886080', '1', '1.32', '', '/xboot/message/edit*', '', '', '3', 'edit', '0', '');
INSERT INTO `t_permission` VALUES ('45237170029465600', null, '2018-08-24 10:08:42', '0', null, '2018-08-24 10:08:42', null, '', '43117268627886080', '1', '1.33', '', '/xboot/message/delByIds/*', '', '', '3', 'delete', '0', null);
INSERT INTO `t_permission` VALUES ('45264987354042368', '', '2018-08-24 11:59:14', '0', '', '2018-09-19 22:08:11', '', '', '41370251991977984', '1', '2.11', '', '/xboot/quartzJob/add*', '', '', '3', 'add', '0', '');
INSERT INTO `t_permission` VALUES ('45265487029866496', '', '2018-08-24 12:01:14', '0', '', '2018-09-19 22:08:17', '', '', '41370251991977984', '1', '2.12', '', '/xboot/quartzJob/edit*', '', '', '3', 'edit', '0', '');
INSERT INTO `t_permission` VALUES ('45265762415284224', '', '2018-08-24 12:02:19', '0', '', '2018-09-19 22:08:24', '', '', '41370251991977984', '1', '2.13', '', '/xboot/quartzJob/pause*', '', '', '3', 'disable', '0', '');
INSERT INTO `t_permission` VALUES ('45265886315024384', '', '2018-08-24 12:02:49', '0', '', '2018-09-19 22:09:13', '', '', '41370251991977984', '1', '2.14', '', '/xboot/quartzJob/resume*', '', '', '3', 'enable', '0', '');
INSERT INTO `t_permission` VALUES ('45266070000373760', null, '2018-08-24 12:03:33', '0', null, '2018-08-24 12:03:33', null, '', '41370251991977984', '1', '2.15', '', '/xboot/quartzJob/delByIds/*', '', '', '3', 'delete', '0', null);
INSERT INTO `t_permission` VALUES ('56309618086776832', '', '2018-09-23 23:26:40', '0', 'admin', '2018-11-15 15:17:43', '', 'oss-manage', '5129710648430592', '0', '1.40', 'sys/oss-manage/ossManage', 'oss-manage', '[]', 'ios-folder', '2', '', '0', '');
INSERT INTO `t_permission` VALUES ('56898976661639168', '', '2018-09-25 14:28:34', '0', '', '2018-09-25 15:12:46', '', '', '5129710648430593', '1', '1.17', '', '/xboot/user/importData*', '', '', '3', 'input', '0', '');
INSERT INTO `t_permission` VALUES ('56911328312299520', '', '2018-09-25 15:17:39', '0', 'admin', '2018-10-20 22:47:36', '', 'excel', '41373430515240960', '0', '3.60', 'xboot-vue-template/excel/excel', 'excel', 'Excel[]', 'md-exit', '2', '', '0', '');
INSERT INTO `t_permission` VALUES ('57009544286441472', null, '2018-09-25 21:47:55', '0', null, '2018-09-25 21:47:55', null, '', '43117268627886080', '1', '1.40', '', '/xboot/messageSend/save*', '', '', '3', 'add', '0', null);
INSERT INTO `t_permission` VALUES ('57009744761589760', null, '2018-09-25 21:48:43', '0', null, '2018-09-25 21:48:43', null, '', '43117268627886080', '1', '1.50', '', '/xboot/messageSend/update*', '', '', '3', 'edit', '0', null);
INSERT INTO `t_permission` VALUES ('57009981228060672', null, '2018-09-25 21:49:39', '0', null, '2018-09-25 21:49:39', null, '', '43117268627886080', '1', '1.60', '', '/xboot/messageSend/delByIds/*', '', '', '3', 'delete', '0', null);
INSERT INTO `t_permission` VALUES ('57212882168844288', '', '2018-09-26 11:15:55', '0', '', '2018-10-08 11:10:05', '', '', '56309618086776832', '1', '1.41', '', '', '', '', '3', 'upload', '0', '');
INSERT INTO `t_permission` VALUES ('58480609315524608', '', '2018-09-29 23:13:24', '0', 'admin', '2018-11-14 13:24:26', '', 'setting', '5129710648430592', '0', '1.90', 'sys/setting-manage/settingManage', 'setting', '[]', 'ios-settings-outline', '2', '', '0', '');
INSERT INTO `t_permission` VALUES ('61394706252173312', null, '2018-10-08 00:12:59', '0', null, '2018-10-08 00:12:59', null, '', '58480609315524608', '1', '1.81', '', '/xboot/setting/seeSecret/**', '', '', '3', 'view', '0', null);
INSERT INTO `t_permission` VALUES ('61417744146370560', '', '2018-10-08 01:44:32', '0', '', '2018-10-08 01:50:03', '', '', '58480609315524608', '1', '1.82', '', '/xboot/setting/*/set*', '', '', '3', 'edit', '0', '');
INSERT INTO `t_permission` VALUES ('61560480518377472', null, '2018-10-08 11:11:43', '0', null, '2018-10-08 11:11:43', null, '', '56309618086776832', '1', '1.44', '', '/xboot/file/delete/*', '', '', '3', 'delete', '0', null);
INSERT INTO `t_permission` VALUES ('61560275261722624', null, '2018-10-08 11:10:54', '0', null, '2018-10-08 11:10:54', null, '', '56309618086776832', '1', '1.43', '', '/xboot/file/copy*', '', '', '3', 'edit', '0', null);
INSERT INTO `t_permission` VALUES ('61560041605435392', null, '2018-10-08 11:09:58', '0', null, '2018-10-08 11:09:58', null, '', '56309618086776832', '1', '1.42', '', '/xboot/file/rename*', '', '', '3', 'edit', '0', null);
INSERT INTO `t_permission` VALUES ('63482475359244288', '', '2018-10-13 18:29:02', '0', 'admin', '2018-10-20 22:47:45', '', 'custom-tree', '41373430515240960', '0', '3.80', 'xboot-vue-template/custom-tree/customTree', 'custom-tree', '[]', 'md-git-network', '2', '', '0', '');
INSERT INTO `t_permission` VALUES ('63741744973352960', '', '2018-10-14 11:39:17', '0', 'admin', '2018-10-20 22:47:18', '', 'render', '41373430515240960', '0', '3.20', 'xboot-vue-template/render/render', 'render', 'Render[]', 'md-aperture', '2', '', '0', '');
INSERT INTO `t_permission` VALUES ('64290663792906240', '', '2018-10-16 00:00:29', '0', 'admin', '2018-10-20 22:47:49', '', 'tree&table', '41373430515240960', '0', '3.90', 'xboot-vue-template/tree&table/tree&table', 'tree&table', '+[]', 'md-list', '2', '', '0', '');
INSERT INTO `t_permission` VALUES ('66790433014943744', 'admin', '2018-10-22 21:33:42', '0', 'admin', '2018-10-22 21:37:12', '', 'card-list', '41373430515240960', '0', '3.91', 'xboot-vue-template/card-list/cardList', 'card-list', '[]', 'md-card', '2', '', '0', '');
INSERT INTO `t_permission` VALUES ('67027909637836800', 'admin', '2018-10-23 13:17:19', '0', 'admin', '2018-10-23 14:57:46', '', 'banner', '67027338952445952', '0', '4.10', 'product-template/banner/Banner', 'banner', '[]', 'md-book', '2', '', '0', '');
INSERT INTO `t_permission` VALUES ('67027338952445952', 'admin', '2018-10-23 13:15:03', '0', 'admin', '2018-10-23 14:57:38', '', 'product-template', '', '0', '4.00', 'Main', '/product-template', '', 'md-ribbon', '1', '', '0', '');
INSERT INTO `t_permission` VALUES ('67042515441684480', 'admin', '2018-10-23 14:15:22', '0', 'admin', '2018-10-23 14:57:51', '', 'product', '67027338952445952', '0', '4.20', 'product-template/product/Product', 'product', '[]', 'md-pricetags', '2', '', '0', '');
INSERT INTO `t_permission` VALUES ('67082402312228864', 'admin', '2018-10-23 16:53:53', '0', 'admin', '2018-10-23 16:53:53', null, 'category', '67027338952445952', '0', '4.30', 'product-template/category/Category', 'category', '[]', 'md-apps', '2', '', '0', null);
INSERT INTO `t_permission` VALUES ('75002207560273920', 'admin', '2018-11-14 13:24:21', '0', 'admin', '2018-11-20 20:06:22', '', 'dict', '5129710648430592', '0', '1.80', 'sys/dict-manage/dictManage', 'dict', '', 'md-bookmarks', '2', '', '0', '');
INSERT INTO `t_permission` VALUES ('76606430504816640', 'admin', '2018-11-18 23:38:57', '0', 'admin', '2018-11-18 23:39:12', '', 'activiti', '', '0', '1.10', 'Main', '/activiti', '', 'md-git-compare', '1', '', '0', '');
INSERT INTO `t_permission` VALUES ('76607201262702592', 'admin', '2018-11-18 23:42:01', '0', 'admin', '2018-11-20 19:41:58', '', 'model-manage', '76606430504816640', '0', '1.00', 'activiti/model-manage/modelManage', 'model-manage', '[]', 'md-cube', '2', '', '0', '');
INSERT INTO `t_permission` VALUES ('76914082455752704', 'admin', '2018-11-19 20:01:28', '0', 'admin', '2018-11-20 19:41:50', '', 'process-manage', '76606430504816640', '0', '0.90', 'activiti/process-manage/processManage', 'process-manage', '[]', 'md-calendar', '2', '', '0', '');
INSERT INTO `t_permission` VALUES ('76215889006956544', 'admin', '2018-11-17 21:47:05', '0', 'admin', '2018-11-17 21:47:53', '', '', '75002207560273920', '1', '1.81', '', '/xboot/dict/add*', '', '', '3', 'add', '0', '');
INSERT INTO `t_permission` VALUES ('76216071333351424', 'admin', '2018-11-17 21:47:48', '0', 'admin', '2018-11-17 21:47:48', null, '', '75002207560273920', '1', '1.82', '', '/xboot/dict/edit*', '', '', '3', 'edit', '0', null);
INSERT INTO `t_permission` VALUES ('76216264070008832', 'admin', '2018-11-17 21:48:34', '0', 'admin', '2018-11-17 21:48:34', null, '', '75002207560273920', '1', '1.83', '', '/xboot/dict/delByIds/**', '', '', '3', 'delete', '0', null);
INSERT INTO `t_permission` VALUES ('76216459709124608', 'admin', '2018-11-17 21:49:21', '0', 'admin', '2018-11-17 21:49:21', null, '', '75002207560273920', '1', '1.84', '', '/xboot/dictData/add*', '', '', '3', 'add', '0', null);
INSERT INTO `t_permission` VALUES ('76216594207870976', 'admin', '2018-11-17 21:49:53', '0', 'admin', '2018-11-17 21:49:53', null, '', '75002207560273920', '1', '1.85', '', '/xboot/dictData/edit*', '', '', '3', 'edit', '0', null);
INSERT INTO `t_permission` VALUES ('76216702639017984', 'admin', '2018-11-17 21:50:18', '0', 'admin', '2018-11-17 21:50:18', null, '', '75002207560273920', '1', '1.86', '', '/xboot/dictData/delByIds/**', '', '', '3', 'delete', '0', null);

-- ----------------------------
-- Table structure for t_qq
-- ----------------------------
DROP TABLE IF EXISTS `t_qq`;
CREATE TABLE `t_qq` (
  `id` varchar(255) NOT NULL,
  `create_by` varchar(255) DEFAULT NULL,
  `create_time` datetime DEFAULT NULL,
  `del_flag` int(11) DEFAULT NULL,
  `update_by` varchar(255) DEFAULT NULL,
  `update_time` datetime DEFAULT NULL,
  `avatar` varchar(255) DEFAULT NULL,
  `is_related` bit(1) DEFAULT NULL,
  `open_id` varchar(255) DEFAULT NULL,
  `relate_username` varchar(255) DEFAULT NULL,
  `username` varchar(255) DEFAULT NULL,
  PRIMARY KEY (`id`)
) ENGINE=MyISAM DEFAULT CHARSET=utf8;

-- ----------------------------
-- Records of t_qq
-- ----------------------------

-- ----------------------------
-- Table structure for t_quartz_job
-- ----------------------------
DROP TABLE IF EXISTS `t_quartz_job`;
CREATE TABLE `t_quartz_job` (
  `id` varchar(255) NOT NULL,
  `create_by` varchar(255) DEFAULT NULL,
  `create_time` datetime DEFAULT NULL,
  `del_flag` int(11) DEFAULT NULL,
  `update_by` varchar(255) DEFAULT NULL,
  `update_time` datetime DEFAULT NULL,
  `cron_expression` varchar(255) DEFAULT NULL,
  `description` varchar(255) DEFAULT NULL,
  `job_class_name` varchar(255) DEFAULT NULL,
  `parameter` varchar(255) DEFAULT NULL,
  `status` int(11) DEFAULT NULL,
  PRIMARY KEY (`id`)
) ENGINE=MyISAM DEFAULT CHARSET=utf8;

-- ----------------------------
-- Records of t_quartz_job
-- ----------------------------
INSERT INTO `t_quartz_job` VALUES ('41065738420621312', '', '2018-08-12 21:52:56', '0', '', '2018-09-23 23:19:39', '0/1 * * * * ? ', ' 1', 'cn.exrick.xboot.quartz.jobs.SampleParamJob', 'World', '-1');
INSERT INTO `t_quartz_job` VALUES ('41060689401352192', '', '2018-08-12 20:32:52', '0', 'admin', '2018-11-20 09:51:38', '0/1 * * * * ? ', ' 1', 'cn.exrick.xboot.quartz.jobs.SampleJob', '', '-1');

-- ----------------------------
-- Table structure for t_role
-- ----------------------------
DROP TABLE IF EXISTS `t_role`;
CREATE TABLE `t_role` (
  `id` varchar(255) NOT NULL,
  `create_by` varchar(255) DEFAULT NULL,
  `create_time` datetime DEFAULT NULL,
  `update_by` varchar(255) DEFAULT NULL,
  `update_time` datetime DEFAULT NULL,
  `name` varchar(255) DEFAULT NULL,
  `del_flag` int(11) DEFAULT NULL,
  `default_role` bit(1) DEFAULT NULL,
  `description` varchar(255) DEFAULT NULL,
  `data_type` int(11) DEFAULT NULL,
  PRIMARY KEY (`id`)
) ENGINE=MyISAM DEFAULT CHARSET=utf8;

-- ----------------------------
-- Records of t_role
-- ----------------------------
INSERT INTO `t_role` VALUES ('496138616573952', '', '2018-04-22 23:03:49', 'admin', '2018-11-15 23:02:59', 'ROLE_ADMIN', '0', null, ' ', '0');
INSERT INTO `t_role` VALUES ('496138616573953', '', '2018-05-02 21:40:03', 'admin', '2018-11-01 22:59:48', 'ROLE_USER', '0', '', ' ', '0');
INSERT INTO `t_role` VALUES ('16457350655250432', '', '2018-06-06 00:08:00', 'admin', '2018-11-02 20:42:24', 'ROLE_TEST', '0', null, '', '1');

-- ----------------------------
-- Table structure for t_role_department
-- ----------------------------
DROP TABLE IF EXISTS `t_role_department`;
CREATE TABLE `t_role_department` (
  `id` varchar(255) NOT NULL,
  `create_by` varchar(255) DEFAULT NULL,
  `create_time` datetime DEFAULT NULL,
  `del_flag` int(11) DEFAULT NULL,
  `update_by` varchar(255) DEFAULT NULL,
  `update_time` datetime DEFAULT NULL,
  `department_id` varchar(255) DEFAULT NULL,
  `role_id` varchar(255) DEFAULT NULL,
  PRIMARY KEY (`id`)
) ENGINE=MyISAM DEFAULT CHARSET=utf8;

-- ----------------------------
-- Records of t_role_department
-- ----------------------------
INSERT INTO `t_role_department` VALUES ('70763874256687105', 'admin', '2018-11-02 20:42:43', '0', 'admin', '2018-11-02 20:42:43', '40322777781112832', '16457350655250432');
INSERT INTO `t_role_department` VALUES ('70763874265075712', 'admin', '2018-11-02 20:42:43', '0', 'admin', '2018-11-02 20:42:43', '40322811096469504', '16457350655250432');
INSERT INTO `t_role_department` VALUES ('70763874277658624', 'admin', '2018-11-02 20:42:43', '0', 'admin', '2018-11-02 20:42:43', '40322852833988608', '16457350655250432');

-- ----------------------------
-- Table structure for t_role_permission
-- ----------------------------
DROP TABLE IF EXISTS `t_role_permission`;
CREATE TABLE `t_role_permission` (
  `id` varchar(255) NOT NULL,
  `create_by` varchar(255) DEFAULT NULL,
  `create_time` datetime DEFAULT NULL,
  `del_flag` int(11) DEFAULT NULL,
  `update_by` varchar(255) DEFAULT NULL,
  `update_time` datetime DEFAULT NULL,
  `permission_id` varchar(255) DEFAULT NULL,
  `role_id` varchar(255) DEFAULT NULL,
  PRIMARY KEY (`id`)
) ENGINE=MyISAM DEFAULT CHARSET=utf8;

-- ----------------------------
-- Records of t_role_permission
-- ----------------------------
INSERT INTO `t_role_permission` VALUES ('77277780806471680', 'admin', '2018-11-20 20:06:40', '0', 'admin', '2018-11-20 20:06:40', '67027909637836800', '496138616573952');
INSERT INTO `t_role_permission` VALUES ('77277780798083072', 'admin', '2018-11-20 20:06:40', '0', 'admin', '2018-11-20 20:06:40', '67027338952445952', '496138616573952');
INSERT INTO `t_role_permission` VALUES ('77277780789694464', 'admin', '2018-11-20 20:06:40', '0', 'admin', '2018-11-20 20:06:40', '42087054753927168', '496138616573952');
INSERT INTO `t_role_permission` VALUES ('77277780785500160', 'admin', '2018-11-20 20:06:40', '0', 'admin', '2018-11-20 20:06:40', '66790433014943744', '496138616573952');
INSERT INTO `t_role_permission` VALUES ('77277780772917249', 'admin', '2018-11-20 20:06:40', '0', 'admin', '2018-11-20 20:06:40', '64290663792906240', '496138616573952');
INSERT INTO `t_role_permission` VALUES ('77277780768722944', 'admin', '2018-11-20 20:06:40', '0', 'admin', '2018-11-20 20:06:40', '63482475359244288', '496138616573952');
INSERT INTO `t_role_permission` VALUES ('77277780764528640', 'admin', '2018-11-20 20:06:40', '0', 'admin', '2018-11-20 20:06:40', '41378916912336896', '496138616573952');
INSERT INTO `t_role_permission` VALUES ('77277780756140032', 'admin', '2018-11-20 20:06:40', '0', 'admin', '2018-11-20 20:06:40', '56911328312299520', '496138616573952');
INSERT INTO `t_role_permission` VALUES ('77277780747751424', 'admin', '2018-11-20 20:06:40', '0', 'admin', '2018-11-20 20:06:40', '41377034236071936', '496138616573952');
INSERT INTO `t_role_permission` VALUES ('77277780739362816', 'admin', '2018-11-20 20:06:40', '0', 'admin', '2018-11-20 20:06:40', '41376192166629376', '496138616573952');
INSERT INTO `t_role_permission` VALUES ('77277780730974208', 'admin', '2018-11-20 20:06:40', '0', 'admin', '2018-11-20 20:06:40', '42082442672082944', '496138616573952');
INSERT INTO `t_role_permission` VALUES ('77277780722585600', 'admin', '2018-11-20 20:06:40', '0', 'admin', '2018-11-20 20:06:40', '63741744973352960', '496138616573952');
INSERT INTO `t_role_permission` VALUES ('77277780718391296', 'admin', '2018-11-20 20:06:40', '0', 'admin', '2018-11-20 20:06:40', '41375330996326400', '496138616573952');
INSERT INTO `t_role_permission` VALUES ('77277780630310912', 'admin', '2018-11-20 20:06:40', '0', 'admin', '2018-11-20 20:06:40', '41373430515240960', '496138616573952');
INSERT INTO `t_role_permission` VALUES ('77277780621922304', 'admin', '2018-11-20 20:06:40', '0', 'admin', '2018-11-20 20:06:40', '39918482854252544', '496138616573952');
INSERT INTO `t_role_permission` VALUES ('77277780613533696', 'admin', '2018-11-20 20:06:40', '0', 'admin', '2018-11-20 20:06:40', '39916171171991552', '496138616573952');
INSERT INTO `t_role_permission` VALUES ('77277780605145088', 'admin', '2018-11-20 20:06:40', '0', 'admin', '2018-11-20 20:06:40', '41469219249852416', '496138616573952');
INSERT INTO `t_role_permission` VALUES ('77277780596756480', 'admin', '2018-11-20 20:06:40', '0', 'admin', '2018-11-20 20:06:40', '41371711400054784', '496138616573952');
INSERT INTO `t_role_permission` VALUES ('77277780588367872', 'admin', '2018-11-20 20:06:40', '0', 'admin', '2018-11-20 20:06:40', '41364927394353152', '496138616573952');
INSERT INTO `t_role_permission` VALUES ('77277780579979264', 'admin', '2018-11-20 20:06:40', '0', 'admin', '2018-11-20 20:06:40', '41363537456533504', '496138616573952');
INSERT INTO `t_role_permission` VALUES ('77277780571590656', 'admin', '2018-11-20 20:06:40', '0', 'admin', '2018-11-20 20:06:40', '41363147411427328', '496138616573952');
INSERT INTO `t_role_permission` VALUES ('77277780567396352', 'admin', '2018-11-20 20:06:40', '0', 'admin', '2018-11-20 20:06:40', '45266070000373760', '496138616573952');
INSERT INTO `t_role_permission` VALUES ('77277780559007744', 'admin', '2018-11-20 20:06:40', '0', 'admin', '2018-11-20 20:06:40', '45265886315024384', '496138616573952');
INSERT INTO `t_role_permission` VALUES ('77277780554813440', 'admin', '2018-11-20 20:06:40', '0', 'admin', '2018-11-20 20:06:40', '45265762415284224', '496138616573952');
INSERT INTO `t_role_permission` VALUES ('77277780546424832', 'admin', '2018-11-20 20:06:40', '0', 'admin', '2018-11-20 20:06:40', '45265487029866496', '496138616573952');
INSERT INTO `t_role_permission` VALUES ('77277780538036224', 'admin', '2018-11-20 20:06:40', '0', 'admin', '2018-11-20 20:06:40', '45264987354042368', '496138616573952');
INSERT INTO `t_role_permission` VALUES ('77277780525453312', 'admin', '2018-11-20 20:06:40', '0', 'admin', '2018-11-20 20:06:40', '41370251991977984', '496138616573952');
INSERT INTO `t_role_permission` VALUES ('77277780517064704', 'admin', '2018-11-20 20:06:40', '0', 'admin', '2018-11-20 20:06:40', '39915540965232640', '496138616573952');
INSERT INTO `t_role_permission` VALUES ('77277780508676097', 'admin', '2018-11-20 20:06:40', '0', 'admin', '2018-11-20 20:06:40', '76607201262702592', '496138616573952');
INSERT INTO `t_role_permission` VALUES ('77277780504481792', 'admin', '2018-11-20 20:06:40', '0', 'admin', '2018-11-20 20:06:40', '76914082455752704', '496138616573952');
INSERT INTO `t_role_permission` VALUES ('77277780496093184', 'admin', '2018-11-20 20:06:40', '0', 'admin', '2018-11-20 20:06:40', '76606430504816640', '496138616573952');
INSERT INTO `t_role_permission` VALUES ('77277780491898880', 'admin', '2018-11-20 20:06:40', '0', 'admin', '2018-11-20 20:06:40', '61417744146370560', '496138616573952');
INSERT INTO `t_role_permission` VALUES ('77277780483510272', 'admin', '2018-11-20 20:06:40', '0', 'admin', '2018-11-20 20:06:40', '61394706252173312', '496138616573952');
INSERT INTO `t_role_permission` VALUES ('77277780475121664', 'admin', '2018-11-20 20:06:40', '0', 'admin', '2018-11-20 20:06:40', '58480609315524608', '496138616573952');
INSERT INTO `t_role_permission` VALUES ('77277780466733056', 'admin', '2018-11-20 20:06:40', '0', 'admin', '2018-11-20 20:06:40', '76216702639017984', '496138616573952');
INSERT INTO `t_role_permission` VALUES ('75002588625375232', 'admin', '2018-11-14 13:25:52', '0', 'admin', '2018-11-14 13:25:52', '57009744761589760', '16457350655250432');
INSERT INTO `t_role_permission` VALUES ('75002588633763840', 'admin', '2018-11-14 13:25:52', '0', 'admin', '2018-11-14 13:25:52', '16392452747300864', '16457350655250432');
INSERT INTO `t_role_permission` VALUES ('75002588637958144', 'admin', '2018-11-14 13:25:52', '0', 'admin', '2018-11-14 13:25:52', '16392767785668608', '16457350655250432');
INSERT INTO `t_role_permission` VALUES ('75002588650541056', 'admin', '2018-11-14 13:25:52', '0', 'admin', '2018-11-14 13:25:52', '16439068543946752', '16457350655250432');
INSERT INTO `t_role_permission` VALUES ('77277780458344448', 'admin', '2018-11-20 20:06:40', '0', 'admin', '2018-11-20 20:06:40', '76216594207870976', '496138616573952');
INSERT INTO `t_role_permission` VALUES ('77277780449955840', 'admin', '2018-11-20 20:06:40', '0', 'admin', '2018-11-20 20:06:40', '76216459709124608', '496138616573952');
INSERT INTO `t_role_permission` VALUES ('77277780441567232', 'admin', '2018-11-20 20:06:40', '0', 'admin', '2018-11-20 20:06:40', '76216264070008832', '496138616573952');
INSERT INTO `t_role_permission` VALUES ('77277780433178624', 'admin', '2018-11-20 20:06:40', '0', 'admin', '2018-11-20 20:06:40', '76216071333351424', '496138616573952');
INSERT INTO `t_role_permission` VALUES ('77277780428984320', 'admin', '2018-11-20 20:06:40', '0', 'admin', '2018-11-20 20:06:40', '76215889006956544', '496138616573952');
INSERT INTO `t_role_permission` VALUES ('77277780420595712', 'admin', '2018-11-20 20:06:40', '0', 'admin', '2018-11-20 20:06:40', '75002207560273920', '496138616573952');
INSERT INTO `t_role_permission` VALUES ('77277780412207104', 'admin', '2018-11-20 20:06:40', '0', 'admin', '2018-11-20 20:06:40', '16695243126607872', '496138616573952');
INSERT INTO `t_role_permission` VALUES ('77277780403818496', 'admin', '2018-11-20 20:06:40', '0', 'admin', '2018-11-20 20:06:40', '16695107491205120', '496138616573952');
INSERT INTO `t_role_permission` VALUES ('77277780395429888', 'admin', '2018-11-20 20:06:40', '0', 'admin', '2018-11-20 20:06:40', '16694861252005888', '496138616573952');
INSERT INTO `t_role_permission` VALUES ('77277780387041280', 'admin', '2018-11-20 20:06:40', '0', 'admin', '2018-11-20 20:06:40', '5129710648430595', '496138616573952');
INSERT INTO `t_role_permission` VALUES ('77277780374458369', 'admin', '2018-11-20 20:06:40', '0', 'admin', '2018-11-20 20:06:40', '16690313745666048', '496138616573952');
INSERT INTO `t_role_permission` VALUES ('77277780370264064', 'admin', '2018-11-20 20:06:40', '0', 'admin', '2018-11-20 20:06:40', '16689883993083904', '496138616573952');
INSERT INTO `t_role_permission` VALUES ('77277780366069760', 'admin', '2018-11-20 20:06:40', '0', 'admin', '2018-11-20 20:06:40', '16689745006432256', '496138616573952');
INSERT INTO `t_role_permission` VALUES ('77277780357681152', 'admin', '2018-11-20 20:06:40', '0', 'admin', '2018-11-20 20:06:40', '16689632049631232', '496138616573952');
INSERT INTO `t_role_permission` VALUES ('77277780349292544', 'admin', '2018-11-20 20:06:40', '0', 'admin', '2018-11-20 20:06:40', '16687383932047360', '496138616573952');
INSERT INTO `t_role_permission` VALUES ('77277780340903937', 'admin', '2018-11-20 20:06:40', '0', 'admin', '2018-11-20 20:06:40', '5129710648430594', '496138616573952');
INSERT INTO `t_role_permission` VALUES ('77277780332515328', 'admin', '2018-11-20 20:06:40', '0', 'admin', '2018-11-20 20:06:40', '45069342940860416', '496138616573952');
INSERT INTO `t_role_permission` VALUES ('77277780324126720', 'admin', '2018-11-20 20:06:40', '0', 'admin', '2018-11-20 20:06:40', '45235228800716800', '496138616573952');
INSERT INTO `t_role_permission` VALUES ('77277780265406464', 'admin', '2018-11-20 20:06:40', '0', 'admin', '2018-11-20 20:06:40', '44986029924421632', '496138616573952');
INSERT INTO `t_role_permission` VALUES ('77277780257017856', 'admin', '2018-11-20 20:06:40', '0', 'admin', '2018-11-20 20:06:40', '61560480518377472', '496138616573952');
INSERT INTO `t_role_permission` VALUES ('77277780244434944', 'admin', '2018-11-20 20:06:40', '0', 'admin', '2018-11-20 20:06:40', '61560275261722624', '496138616573952');
INSERT INTO `t_role_permission` VALUES ('77277780236046336', 'admin', '2018-11-20 20:06:40', '0', 'admin', '2018-11-20 20:06:40', '61560041605435392', '496138616573952');
INSERT INTO `t_role_permission` VALUES ('77277780227657728', 'admin', '2018-11-20 20:06:40', '0', 'admin', '2018-11-20 20:06:40', '57212882168844288', '496138616573952');
INSERT INTO `t_role_permission` VALUES ('77277780219269120', 'admin', '2018-11-20 20:06:40', '0', 'admin', '2018-11-20 20:06:40', '56309618086776832', '496138616573952');
INSERT INTO `t_role_permission` VALUES ('77277780215074816', 'admin', '2018-11-20 20:06:40', '0', 'admin', '2018-11-20 20:06:40', '57009981228060672', '496138616573952');
INSERT INTO `t_role_permission` VALUES ('77277780206686208', 'admin', '2018-11-20 20:06:40', '0', 'admin', '2018-11-20 20:06:40', '57009744761589760', '496138616573952');
INSERT INTO `t_role_permission` VALUES ('77277780198297600', 'admin', '2018-11-20 20:06:40', '0', 'admin', '2018-11-20 20:06:40', '57009544286441472', '496138616573952');
INSERT INTO `t_role_permission` VALUES ('77277780189908992', 'admin', '2018-11-20 20:06:40', '0', 'admin', '2018-11-20 20:06:40', '45237170029465600', '496138616573952');
INSERT INTO `t_role_permission` VALUES ('77277780181520384', 'admin', '2018-11-20 20:06:40', '0', 'admin', '2018-11-20 20:06:40', '45237010692050944', '496138616573952');
INSERT INTO `t_role_permission` VALUES ('77277780168937472', 'admin', '2018-11-20 20:06:40', '0', 'admin', '2018-11-20 20:06:40', '45236734832676864', '496138616573952');
INSERT INTO `t_role_permission` VALUES ('77277780164743168', 'admin', '2018-11-20 20:06:40', '0', 'admin', '2018-11-20 20:06:40', '43117268627886080', '496138616573952');
INSERT INTO `t_role_permission` VALUES ('77277780156354560', 'admin', '2018-11-20 20:06:40', '0', 'admin', '2018-11-20 20:06:40', '45235939278065664', '496138616573952');
INSERT INTO `t_role_permission` VALUES ('77277780147965952', 'admin', '2018-11-20 20:06:40', '0', 'admin', '2018-11-20 20:06:40', '45235787867885568', '496138616573952');
INSERT INTO `t_role_permission` VALUES ('77277780139577344', 'admin', '2018-11-20 20:06:40', '0', 'admin', '2018-11-20 20:06:40', '45235621697949696', '496138616573952');
INSERT INTO `t_role_permission` VALUES ('77277780135383040', 'admin', '2018-11-20 20:06:40', '0', 'admin', '2018-11-20 20:06:40', '40238597734928384', '496138616573952');
INSERT INTO `t_role_permission` VALUES ('75002588612792320', 'admin', '2018-11-14 13:25:52', '0', 'admin', '2018-11-14 13:25:52', '40238597734928384', '16457350655250432');
INSERT INTO `t_role_permission` VALUES ('75002588604403712', 'admin', '2018-11-14 13:25:52', '0', 'admin', '2018-11-14 13:25:52', '5129710648430593', '16457350655250432');
INSERT INTO `t_role_permission` VALUES ('75002588591820806', 'admin', '2018-11-14 13:25:52', '0', 'admin', '2018-11-14 13:25:52', '5129710648430592', '16457350655250432');
INSERT INTO `t_role_permission` VALUES ('77277780097634304', 'admin', '2018-11-20 20:06:40', '0', 'admin', '2018-11-20 20:06:40', '56898976661639168', '496138616573952');
INSERT INTO `t_role_permission` VALUES ('77277780089245696', 'admin', '2018-11-20 20:06:40', '0', 'admin', '2018-11-20 20:06:40', '25014528525733888', '496138616573952');
INSERT INTO `t_role_permission` VALUES ('77277860389195776', 'admin', '2018-11-20 20:06:59', '0', 'admin', '2018-11-20 20:06:59', '16439068543946752', '496138616573953');
INSERT INTO `t_role_permission` VALUES ('77277860385001472', 'admin', '2018-11-20 20:06:59', '0', 'admin', '2018-11-20 20:06:59', '16438962738434048', '496138616573953');
INSERT INTO `t_role_permission` VALUES ('77277860376612865', 'admin', '2018-11-20 20:06:59', '0', 'admin', '2018-11-20 20:06:59', '16438800255291392', '496138616573953');
INSERT INTO `t_role_permission` VALUES ('77277860372418560', 'admin', '2018-11-20 20:06:59', '0', 'admin', '2018-11-20 20:06:59', '16392767785668608', '496138616573953');
INSERT INTO `t_role_permission` VALUES ('77277860368224256', 'admin', '2018-11-20 20:06:59', '0', 'admin', '2018-11-20 20:06:59', '16392452747300864', '496138616573953');
INSERT INTO `t_role_permission` VALUES ('77277860364029952', 'admin', '2018-11-20 20:06:59', '0', 'admin', '2018-11-20 20:06:59', '67082402312228864', '496138616573953');
INSERT INTO `t_role_permission` VALUES ('77277860359835648', 'admin', '2018-11-20 20:06:59', '0', 'admin', '2018-11-20 20:06:59', '67042515441684480', '496138616573953');
INSERT INTO `t_role_permission` VALUES ('77277860351447041', 'admin', '2018-11-20 20:06:59', '0', 'admin', '2018-11-20 20:06:59', '67027909637836800', '496138616573953');
INSERT INTO `t_role_permission` VALUES ('77277860347252736', 'admin', '2018-11-20 20:06:59', '0', 'admin', '2018-11-20 20:06:59', '67027338952445952', '496138616573953');
INSERT INTO `t_role_permission` VALUES ('77277860343058432', 'admin', '2018-11-20 20:06:59', '0', 'admin', '2018-11-20 20:06:59', '42087054753927168', '496138616573953');
INSERT INTO `t_role_permission` VALUES ('77277860334669824', 'admin', '2018-11-20 20:06:59', '0', 'admin', '2018-11-20 20:06:59', '66790433014943744', '496138616573953');
INSERT INTO `t_role_permission` VALUES ('77277860326281216', 'admin', '2018-11-20 20:06:59', '0', 'admin', '2018-11-20 20:06:59', '64290663792906240', '496138616573953');
INSERT INTO `t_role_permission` VALUES ('77277860322086912', 'admin', '2018-11-20 20:06:59', '0', 'admin', '2018-11-20 20:06:59', '63482475359244288', '496138616573953');
INSERT INTO `t_role_permission` VALUES ('77277860313698304', 'admin', '2018-11-20 20:06:59', '0', 'admin', '2018-11-20 20:06:59', '41378916912336896', '496138616573953');
INSERT INTO `t_role_permission` VALUES ('77277860271755264', 'admin', '2018-11-20 20:06:59', '0', 'admin', '2018-11-20 20:06:59', '56911328312299520', '496138616573953');
INSERT INTO `t_role_permission` VALUES ('77277860263366656', 'admin', '2018-11-20 20:06:59', '0', 'admin', '2018-11-20 20:06:59', '41377034236071936', '496138616573953');
INSERT INTO `t_role_permission` VALUES ('77277860254978048', 'admin', '2018-11-20 20:06:59', '0', 'admin', '2018-11-20 20:06:59', '41376192166629376', '496138616573953');
INSERT INTO `t_role_permission` VALUES ('77277860250783744', 'admin', '2018-11-20 20:06:59', '0', 'admin', '2018-11-20 20:06:59', '42082442672082944', '496138616573953');
INSERT INTO `t_role_permission` VALUES ('77277860242395136', 'admin', '2018-11-20 20:06:59', '0', 'admin', '2018-11-20 20:06:59', '63741744973352960', '496138616573953');
INSERT INTO `t_role_permission` VALUES ('77277860234006528', 'admin', '2018-11-20 20:06:59', '0', 'admin', '2018-11-20 20:06:59', '41375330996326400', '496138616573953');
INSERT INTO `t_role_permission` VALUES ('77277860225617920', 'admin', '2018-11-20 20:06:59', '0', 'admin', '2018-11-20 20:06:59', '41373430515240960', '496138616573953');
INSERT INTO `t_role_permission` VALUES ('77277860221423616', 'admin', '2018-11-20 20:06:59', '0', 'admin', '2018-11-20 20:06:59', '39918482854252544', '496138616573953');
INSERT INTO `t_role_permission` VALUES ('77277860213035009', 'admin', '2018-11-20 20:06:59', '0', 'admin', '2018-11-20 20:06:59', '39916171171991552', '496138616573953');
INSERT INTO `t_role_permission` VALUES ('77277860208840704', 'admin', '2018-11-20 20:06:59', '0', 'admin', '2018-11-20 20:06:59', '41371711400054784', '496138616573953');
INSERT INTO `t_role_permission` VALUES ('77277860204646400', 'admin', '2018-11-20 20:06:59', '0', 'admin', '2018-11-20 20:06:59', '41363147411427328', '496138616573953');
INSERT INTO `t_role_permission` VALUES ('77277860196257792', 'admin', '2018-11-20 20:06:59', '0', 'admin', '2018-11-20 20:06:59', '41370251991977984', '496138616573953');
INSERT INTO `t_role_permission` VALUES ('77277860187869184', 'admin', '2018-11-20 20:06:59', '0', 'admin', '2018-11-20 20:06:59', '39915540965232640', '496138616573953');
INSERT INTO `t_role_permission` VALUES ('77277860179480576', 'admin', '2018-11-20 20:06:59', '0', 'admin', '2018-11-20 20:06:59', '76607201262702592', '496138616573953');
INSERT INTO `t_role_permission` VALUES ('77277860171091968', 'admin', '2018-11-20 20:06:59', '0', 'admin', '2018-11-20 20:06:59', '76914082455752704', '496138616573953');
INSERT INTO `t_role_permission` VALUES ('77277860162703360', 'admin', '2018-11-20 20:06:59', '0', 'admin', '2018-11-20 20:06:59', '76606430504816640', '496138616573953');
INSERT INTO `t_role_permission` VALUES ('77277860158509056', 'admin', '2018-11-20 20:06:59', '0', 'admin', '2018-11-20 20:06:59', '58480609315524608', '496138616573953');
INSERT INTO `t_role_permission` VALUES ('77277860150120448', 'admin', '2018-11-20 20:06:59', '0', 'admin', '2018-11-20 20:06:59', '75002207560273920', '496138616573953');
INSERT INTO `t_role_permission` VALUES ('77277860141731840', 'admin', '2018-11-20 20:06:59', '0', 'admin', '2018-11-20 20:06:59', '5129710648430595', '496138616573953');
INSERT INTO `t_role_permission` VALUES ('77277860129148928', 'admin', '2018-11-20 20:06:59', '0', 'admin', '2018-11-20 20:06:59', '5129710648430594', '496138616573953');
INSERT INTO `t_role_permission` VALUES ('77277860120760320', 'admin', '2018-11-20 20:06:59', '0', 'admin', '2018-11-20 20:06:59', '44986029924421632', '496138616573953');
INSERT INTO `t_role_permission` VALUES ('77277860112371712', 'admin', '2018-11-20 20:06:59', '0', 'admin', '2018-11-20 20:06:59', '56309618086776832', '496138616573953');
INSERT INTO `t_role_permission` VALUES ('77277860099788800', 'admin', '2018-11-20 20:06:59', '0', 'admin', '2018-11-20 20:06:59', '57009744761589760', '496138616573953');
INSERT INTO `t_role_permission` VALUES ('77277860091400192', 'admin', '2018-11-20 20:06:59', '0', 'admin', '2018-11-20 20:06:59', '43117268627886080', '496138616573953');
INSERT INTO `t_role_permission` VALUES ('77277780085051392', 'admin', '2018-11-20 20:06:40', '0', 'admin', '2018-11-20 20:06:40', '16678447719911424', '496138616573952');
INSERT INTO `t_role_permission` VALUES ('77277780076662784', 'admin', '2018-11-20 20:06:40', '0', 'admin', '2018-11-20 20:06:40', '15708892205944832', '496138616573952');
INSERT INTO `t_role_permission` VALUES ('77277780072468480', 'admin', '2018-11-20 20:06:40', '0', 'admin', '2018-11-20 20:06:40', '15701915807518720', '496138616573952');
INSERT INTO `t_role_permission` VALUES ('77277780064079872', 'admin', '2018-11-20 20:06:40', '0', 'admin', '2018-11-20 20:06:40', '16678126574637056', '496138616573952');
INSERT INTO `t_role_permission` VALUES ('77277780055691264', 'admin', '2018-11-20 20:06:40', '0', 'admin', '2018-11-20 20:06:40', '15701400130424832', '496138616573952');
INSERT INTO `t_role_permission` VALUES ('77277779875336192', 'admin', '2018-11-20 20:06:40', '0', 'admin', '2018-11-20 20:06:40', '5129710648430592', '496138616573952');
INSERT INTO `t_role_permission` VALUES ('77277780043108352', 'admin', '2018-11-20 20:06:40', '0', 'admin', '2018-11-20 20:06:40', '5129710648430593', '496138616573952');
INSERT INTO `t_role_permission` VALUES ('77277860078817280', 'admin', '2018-11-20 20:06:59', '0', 'admin', '2018-11-20 20:06:59', '40238597734928384', '496138616573953');
INSERT INTO `t_role_permission` VALUES ('77277860070428672', 'admin', '2018-11-20 20:06:59', '0', 'admin', '2018-11-20 20:06:59', '5129710648430593', '496138616573953');
INSERT INTO `t_role_permission` VALUES ('77277860062040064', 'admin', '2018-11-20 20:06:59', '0', 'admin', '2018-11-20 20:06:59', '5129710648430592', '496138616573953');
INSERT INTO `t_role_permission` VALUES ('77277780810665985', 'admin', '2018-11-20 20:06:40', '0', 'admin', '2018-11-20 20:06:40', '67042515441684480', '496138616573952');
INSERT INTO `t_role_permission` VALUES ('77277780823248896', 'admin', '2018-11-20 20:06:40', '0', 'admin', '2018-11-20 20:06:40', '67082402312228864', '496138616573952');
INSERT INTO `t_role_permission` VALUES ('77277780827443200', 'admin', '2018-11-20 20:06:40', '0', 'admin', '2018-11-20 20:06:40', '16392452747300864', '496138616573952');
INSERT INTO `t_role_permission` VALUES ('77277780835831808', 'admin', '2018-11-20 20:06:40', '0', 'admin', '2018-11-20 20:06:40', '16392767785668608', '496138616573952');
INSERT INTO `t_role_permission` VALUES ('77277780840026112', 'admin', '2018-11-20 20:06:40', '0', 'admin', '2018-11-20 20:06:40', '16438800255291392', '496138616573952');
INSERT INTO `t_role_permission` VALUES ('77277780844220417', 'admin', '2018-11-20 20:06:40', '0', 'admin', '2018-11-20 20:06:40', '16438962738434048', '496138616573952');
INSERT INTO `t_role_permission` VALUES ('77277780852609024', 'admin', '2018-11-20 20:06:40', '0', 'admin', '2018-11-20 20:06:40', '16439068543946752', '496138616573952');

-- ----------------------------
-- Table structure for t_user
-- ----------------------------
DROP TABLE IF EXISTS `t_user`;
CREATE TABLE `t_user` (
  `id` varchar(255) NOT NULL,
  `create_by` varchar(255) DEFAULT NULL,
  `create_time` datetime DEFAULT NULL,
  `update_by` varchar(255) DEFAULT NULL,
  `update_time` datetime DEFAULT NULL,
  `address` varchar(255) DEFAULT NULL,
  `avatar` varchar(1000) DEFAULT NULL,
  `description` varchar(255) DEFAULT NULL,
  `email` varchar(255) DEFAULT NULL,
  `mobile` varchar(255) DEFAULT NULL,
  `nick_name` varchar(255) DEFAULT NULL,
  `password` varchar(255) DEFAULT NULL,
  `sex` int(11) DEFAULT NULL,
  `status` int(11) DEFAULT NULL,
  `type` int(11) DEFAULT NULL,
  `username` varchar(255) DEFAULT NULL,
  `del_flag` int(11) DEFAULT NULL,
  `department_id` varchar(255) DEFAULT NULL,
  `street` varchar(255) DEFAULT NULL,
  `pass_strength` varchar(2) DEFAULT NULL,
  PRIMARY KEY (`id`)
) ENGINE=MyISAM DEFAULT CHARSET=utf8;

-- ----------------------------
-- Records of t_user
-- ----------------------------
INSERT INTO `t_user` VALUES ('682265633886209', '', '2018-04-30 23:28:42', 'admin', '2018-11-20 09:55:49', '', 'https://s1.ax1x.com/2018/05/19/CcdVQP.png', '', '1012@qq.com', '18782059033', '', '$2a$10$PS04ecXfknNd3V8d.ymLTObQciapMU4xU8.GADBZZsuTZr7ymnagy', '0', '-1', '0', 'Exrick', '0', '40322777781112832', '', '');
INSERT INTO `t_user` VALUES ('16739222421508096', '', '2018-06-06 18:48:02', '', '2018-10-08 00:04:32', '', 'https://s1.ax1x.com/2018/05/19/CcdVQP.png', '', '1012139570@qq.com', '18782059033', '', '$2a$10$PS04ecXfknNd3V8d.ymLTObQciapMU4xU8.GADBZZsuTZr7ymnagy', '1', '0', '0', 'test2', '0', '40652338142121984', '', '');
INSERT INTO `t_user` VALUES ('4363087427670016', '', '2018-05-03 15:09:42', '', '2018-10-08 00:04:46', '[\"510000\",\"510100\",\"510114\"]', 'https://s1.ax1x.com/2018/05/19/CcdVQP.png', '', '1012139570@qq.com', '18782059033', '', '$2a$10$PS04ecXfknNd3V8d.ymLTObQciapMU4xU8.GADBZZsuTZr7ymnagy', '1', '0', '0', 'test', '0', '40652338142121984', '', '');
INSERT INTO `t_user` VALUES ('682265633886208', '', '2018-05-01 16:13:51', 'admin', '2018-11-14 21:52:20', '[\"510000\",\"510100\",\"510104\"]', 'http://p77xsahe9.bkt.clouddn.com/788eb3e78206429eb34fc7cd3e1e46f4.jpg', 'test', '2549575805@qq.com', '18782059038', 'Exrick', '$2a$10$bINR/VMje12C88mQOsgu9OvzLSbj6nS.3KlYgayD7WSFsDTQqI9AC', '1', '0', '1', 'admin', '0', '40322777781112832', '1', '');

-- ----------------------------
-- Table structure for t_user_role
-- ----------------------------
DROP TABLE IF EXISTS `t_user_role`;
CREATE TABLE `t_user_role` (
  `id` varchar(255) NOT NULL,
  `create_by` varchar(255) DEFAULT NULL,
  `create_time` datetime DEFAULT NULL,
  `del_flag` int(11) DEFAULT NULL,
  `update_by` varchar(255) DEFAULT NULL,
  `update_time` datetime DEFAULT NULL,
  `role_id` varchar(255) DEFAULT NULL,
  `user_id` varchar(255) DEFAULT NULL,
  PRIMARY KEY (`id`)
) ENGINE=MyISAM DEFAULT CHARSET=utf8;

-- ----------------------------
-- Records of t_user_role
-- ----------------------------
INSERT INTO `t_user_role` VALUES ('70669807116095488', null, '2018-11-02 14:28:56', '0', null, '2018-11-02 14:28:56', '496138616573952', '682265633886208');
INSERT INTO `t_user_role` VALUES ('61392579396112384', null, '2018-10-08 00:04:32', '0', null, '2018-10-08 00:04:32', '16457350655250432', '16739222421508096');
INSERT INTO `t_user_role` VALUES ('61392637076180992', null, '2018-10-08 00:04:46', '0', null, '2018-10-08 00:04:46', '496138616573953', '4363087427670016');
INSERT INTO `t_user_role` VALUES ('75424516313976832', 'admin', '2018-11-15 17:22:27', '0', 'admin', '2018-11-15 17:22:27', '496138616573952', '682265633886209');
INSERT INTO `t_user_role` VALUES ('75424516414640128', 'admin', '2018-11-15 17:22:27', '0', 'admin', '2018-11-15 17:22:27', '496138616573953', '682265633886209');

-- ----------------------------
-- Table structure for t_weibo
-- ----------------------------
DROP TABLE IF EXISTS `t_weibo`;
CREATE TABLE `t_weibo` (
  `id` varchar(255) NOT NULL,
  `create_by` varchar(255) DEFAULT NULL,
  `create_time` datetime DEFAULT NULL,
  `del_flag` int(11) DEFAULT NULL,
  `update_by` varchar(255) DEFAULT NULL,
  `update_time` datetime DEFAULT NULL,
  `avatar` varchar(255) DEFAULT NULL,
  `is_related` bit(1) DEFAULT NULL,
  `open_id` varchar(255) DEFAULT NULL,
  `relate_username` varchar(255) DEFAULT NULL,
  `username` varchar(255) DEFAULT NULL,
  PRIMARY KEY (`id`)
) ENGINE=MyISAM DEFAULT CHARSET=utf8;

-- ----------------------------
-- Records of t_weibo
-- ----------------------------
